"id","number","sponsor_politician_id","parliament_number","privatemember","passed"
801,"C-420",55,38,True,0
901,"C-480",119,37,True,0
902,"C-481",119,37,True,0
904,"C-483",119,37,True,0
905,"C-484",119,37,True,0
723,"C-341",296,37,True,0
604,"C-214",131,37,True,0
948,"C-527",144,37,True,0
493,"C-479",185,37,True,0
885,"C-35",72,37,False,0
869,"C-19",1951,37,False,0
729,"C-347",3127,37,True,0
730,"C-348",285,37,True,0
158,"C-2",4434,37,False,0
732,"C-350",2913,37,True,0
733,"C-351",270,37,True,0
204,"C-48",4533,37,False,0
734,"C-352",284,37,True,0
735,"C-353",185,37,True,0
736,"C-354",271,37,True,0
737,"C-355",271,37,True,0
712,"C-329",80,37,True,0
713,"C-330",43,37,True,0
262,"C-245",25,37,True,0
346,"C-331",183,37,True,0
261,"C-244",25,37,True,0
717,"C-335",284,37,True,0
715,"C-333",183,37,True,0
716,"C-334",2913,37,True,0
718,"C-336",152,37,True,0
719,"C-337",2064,37,True,0
721,"C-339",198,37,True,0
722,"C-340",296,37,True,0
724,"C-342",30,37,True,0
726,"C-344",301,37,True,0
727,"C-345",3949,37,True,0
728,"C-346",3221,37,True,0
738,"C-356",5192,37,True,0
739,"C-357",5192,37,True,0
740,"C-358",5192,37,True,0
741,"C-359",5192,37,True,0
774,"C-392",2111,37,True,0
775,"C-393",216,37,True,0
777,"C-395",4022,37,True,0
778,"C-396",3033,37,True,0
781,"C-399",3681,37,True,0
782,"C-400",3681,37,True,0
783,"C-401",35,37,True,0
784,"C-402",35,37,True,0
785,"C-403",35,37,True,0
786,"C-404",35,37,True,0
787,"C-405",2934,37,True,0
789,"C-407",58,37,True,0
790,"C-408",4697,37,True,0
791,"C-409",1677,37,True,0
792,"C-410",301,37,True,0
598,"C-208",276,37,True,0
794,"C-412",301,37,True,0
795,"C-413",3132,37,True,0
230,"C-213",3175,37,True,0
796,"C-414",7,37,True,0
7221,"C-417",192,37,True,0
799,"C-418",192,37,True,0
802,"C-421",2,37,True,0
804,"C-423",99,37,True,0
805,"C-424",208,37,True,0
843,"C-462",4405,37,True,0
806,"C-425",2913,37,True,0
915,"C-494",2684,37,True,0
911,"C-490",131,37,True,0
807,"C-426",266,37,True,0
808,"C-427",186,37,True,0
355,"C-340",128,37,True,0
916,"C-495",4458,37,True,0
809,"C-428",186,37,True,0
811,"C-430",216,37,True,0
632,"C-249",197,37,True,0
813,"C-432",216,37,True,0
814,"C-433",3102,37,True,0
815,"C-434",2913,37,True,0
816,"C-435",305,37,True,0
817,"C-436",80,37,True,0
818,"C-437",276,37,True,0
303,"C-286",2913,37,True,0
819,"C-438",2934,37,True,0
820,"C-439",184,37,True,0
821,"C-440",119,37,True,0
822,"C-441",174,37,True,0
823,"C-442",208,37,True,0
824,"C-443",3127,37,True,0
825,"C-444",208,37,True,0
826,"C-445",279,37,True,0
827,"C-446",61,37,True,0
829,"C-448",4458,37,True,0
830,"C-449",3899,37,True,0
831,"C-450",2913,37,True,0
832,"C-451",41,37,True,0
833,"C-452",25,37,True,0
834,"C-453",3033,37,True,0
835,"C-454",266,37,True,0
836,"C-455",276,37,True,0
837,"C-456",271,37,True,0
838,"C-457",185,37,True,0
839,"C-458",301,37,True,0
842,"C-461",2934,37,True,0
565,"C-31",3204,37,False,0
844,"C-463",151,37,True,0
479,"C-464",3132,37,True,0
846,"C-466",177,37,True,0
847,"C-467",174,37,True,0
848,"C-468",277,37,True,0
849,"C-469",5161,37,True,0
850,"C-470",201,37,True,0
235,"C-218",276,37,True,0
851,"C-471",270,37,True,0
903,"C-482",119,37,True,0
906,"C-485",119,37,True,0
907,"C-486",3410,37,True,0
547,"C-13",1951,37,False,0
617,"C-227",273,37,True,0
910,"C-489",131,37,True,0
912,"C-491",131,37,True,0
913,"C-492",174,37,True,0
914,"C-493",113,37,True,0
229,"C-212",276,37,True,0
917,"C-496",266,37,True,0
918,"C-497",3410,37,True,0
919,"C-498",96,37,True,0
921,"C-500",3750,37,True,0
922,"C-501",301,37,True,0
923,"C-502",284,37,True,0
926,"C-505",96,37,True,0
927,"C-506",238,37,True,0
841,"C-460",197,37,True,0
928,"C-507",301,37,True,0
929,"C-508",3899,37,True,0
930,"C-509",80,37,True,0
931,"C-510",58,37,True,0
932,"C-511",220,37,True,0
347,"C-332",159,37,True,0
933,"C-512",132,37,True,0
461,"C-446",186,37,True,0
537,"C-2",4566,37,False,0
538,"C-3",4682,37,False,0
539,"C-4",4206,37,False,0
934,"C-513",3132,37,True,0
935,"C-514",192,37,True,0
936,"C-515",3831,37,True,0
492,"C-478",2934,37,True,0
937,"C-516",285,37,True,0
938,"C-517",185,37,True,0
939,"C-518",185,37,True,0
940,"C-519",25,37,True,0
487,"C-472",128,37,True,0
488,"C-474",2934,37,True,0
852,"C-2",247,37,False,0
542,"C-8",1951,37,False,0
941,"C-520",1010,37,True,0
944,"C-523",3121,37,True,0
945,"C-524",144,37,True,0
561,"C-27",4464,37,False,0
946,"C-525",301,37,True,0
950,"C-529",3866,37,True,0
231,"C-214",301,37,True,0
232,"C-215",3383,37,True,0
779,"C-397",269,37,True,0
883,"C-33",242,37,False,0
382,"C-367",4675,37,True,0
780,"C-398",299,37,True,0
7213,"C-10A",5142,37,False,0
220,"C-203",185,37,True,0
845,"C-465",29,37,True,0
441,"C-426",5338,37,True,0
876,"C-26",2182,37,False,0
406,"C-391",4405,37,True,0
548,"C-14",4501,37,False,0
563,"C-29",247,37,False,0
570,"C-36",4533,37,False,0
587,"C-53",3358,37,False,0
591,"C-57",4566,37,False,0
877,"C-27",2182,37,False,0
878,"C-28",3160,37,False,0
595,"C-205",3094,37,True,0
626,"C-243",3132,37,True,0
908,"C-487",128,37,True,0
593,"C-203",4405,37,True,0
860,"C-10",72,37,False,0
875,"C-25",68,37,False,0
879,"C-29",72,37,False,0
880,"C-30",121,37,False,0
882,"C-32",72,37,False,0
886,"C-36",2820,37,False,0
597,"C-207",276,37,True,0
887,"C-231",204,37,True,0
889,"C-233",186,37,True,0
890,"C-234",276,37,True,0
892,"C-236",5063,37,True,0
233,"C-216",301,37,True,0
714,"C-332",4136,37,True,0
776,"C-394",2934,37,True,0
810,"C-429",2913,37,True,0
893,"C-472",185,37,True,0
896,"C-475",3899,37,True,0
897,"C-476",80,37,True,0
899,"C-478",119,37,True,0
900,"C-479",119,37,True,0
947,"C-526",219,37,True,0
949,"C-528",201,37,True,0
920,"C-499",113,37,True,0
925,"C-504",3649,37,True,0
312,"C-295",4458,37,True,0
313,"C-296",152,37,True,0
872,"C-22",72,37,False,0
260,"C-243",276,37,True,0
898,"C-477",119,37,True,0
415,"C-400",204,37,True,0
416,"C-401",2313,37,True,0
862,"C-12",72,37,False,0
575,"C-41",3358,37,False,0
720,"C-338",3132,37,True,0
161,"C-5",3160,37,False,0
546,"C-12",4533,37,False,0
549,"C-15",4501,37,False,0
550,"C-16",4464,37,False,0
798,"C-416",220,37,True,0
800,"C-419",192,37,True,0
679,"C-296",276,37,True,0
895,"C-474",185,37,True,0
894,"C-473",185,37,True,0
253,"C-236",195,37,True,0
646,"C-263",2934,37,True,0
675,"C-292",177,37,True,0
681,"C-298",2913,37,True,0
682,"C-299",2934,37,True,0
284,"C-267",5063,37,True,0
494,"C-480",4697,37,True,0
318,"C-302",284,37,True,0
392,"C-377",4675,37,True,0
446,"C-431",3102,37,True,0
379,"C-364",4675,37,True,0
314,"C-297",152,37,True,0
574,"C-40",96,37,False,0
725,"C-343",3097,37,True,0
590,"C-56",5241,37,False,0
576,"C-42",3160,37,False,0
577,"C-43",283,37,False,0
578,"C-44",191,37,False,0
589,"C-55",247,37,False,0
218,"C-201",3094,37,True,0
592,"C-202",21,37,True,0
579,"C-45",5142,37,False,0
580,"C-46",5142,37,False,0
582,"C-48",4682,37,False,0
583,"C-49",3358,37,False,0
584,"C-50",3204,37,False,0
585,"C-51",3358,37,False,0
586,"C-52",4501,37,False,0
588,"C-54",4682,37,False,0
594,"C-204",174,37,True,0
596,"C-206",276,37,True,0
870,"C-20",2677,37,False,0
873,"C-23",2502,37,False,0
627,"C-244",5338,37,True,0
194,"C-38",4464,37,False,0
315,"C-298",152,37,True,0
7209,"C-299",192,37,True,0
234,"C-217",277,37,True,0
236,"C-219",276,37,True,0
237,"C-220",3750,37,True,0
238,"C-221",2313,37,True,0
239,"C-222",130,37,True,0
240,"C-223",2934,37,True,0
241,"C-224",2934,37,True,0
7208,"C-1",5241,37,False,0
159,"C-3",121,37,False,0
160,"C-4",121,37,False,0
162,"C-6",4682,37,False,0
163,"C-7",1951,37,False,0
165,"C-9",3358,37,False,0
364,"C-349",301,37,True,0
168,"C-12",1951,37,False,0
316,"C-300",4823,37,True,0
167,"C-11",4818,37,False,0
317,"C-301",216,37,True,0
319,"C-303",2064,37,True,0
320,"C-304",2064,37,True,0
321,"C-305",3377,37,True,0
322,"C-306",271,37,True,0
326,"C-310",301,37,True,0
327,"C-311",3337,37,True,0
328,"C-312",3337,37,True,0
329,"C-313",159,37,True,0
323,"C-307",25,37,True,0
324,"C-308",305,37,True,0
325,"C-309",3028,37,True,0
330,"C-314",159,37,True,0
166,"C-10",4533,37,False,0
169,"C-13",187,37,False,0
6523,"C-15A",1951,37,False,0
172,"C-16",176,37,False,0
179,"C-23",4324,37,False,0
181,"C-25",4743,37,False,0
182,"C-26",187,37,False,0
173,"C-17",187,37,False,0
174,"C-18",187,37,False,0
175,"C-19",3160,37,False,0
176,"C-20",247,37,False,0
177,"C-21",247,37,False,0
178,"C-22",187,37,False,0
183,"C-27",121,37,False,0
354,"C-339",20,37,True,0
356,"C-341",43,37,True,0
357,"C-342",276,37,True,0
358,"C-343",186,37,True,0
359,"C-344",186,37,True,0
360,"C-345",186,37,True,0
361,"C-346",186,37,True,0
362,"C-347",186,37,True,0
363,"C-348",216,37,True,0
365,"C-350",5063,37,True,0
188,"C-32",2820,37,False,0
189,"C-33",4566,37,False,0
190,"C-34",4464,37,False,0
191,"C-35",4682,37,False,0
203,"C-47",5142,37,False,0
270,"C-253",73,37,True,0
192,"C-36",1951,37,False,0
184,"C-28",3358,37,False,0
185,"C-29",247,37,False,0
186,"C-30",1951,37,False,0
187,"C-31",2820,37,False,0
193,"C-37",4566,37,False,0
196,"C-40",1951,37,False,0
198,"C-42",4464,37,False,0
199,"C-43",3358,37,False,0
164,"C-8",187,37,False,0
195,"C-39",4566,37,False,0
200,"C-44",4464,37,False,0
201,"C-45",247,37,False,0
202,"C-46",1951,37,False,0
205,"C-49",187,37,False,0
206,"C-50",2820,37,False,0
207,"C-51",247,37,False,0
208,"C-52",247,37,False,0
209,"C-53",1951,37,False,0
210,"C-54",4533,37,False,0
391,"C-376",4675,37,True,0
212,"C-56",1951,37,False,0
213,"C-57",4206,37,False,0
214,"C-58",4682,37,False,0
215,"C-59",247,37,False,0
216,"C-60",4566,37,False,0
242,"C-225",2934,37,True,0
211,"C-55",4464,37,False,0
243,"C-226",2934,37,True,0
217,"C-61",4566,37,False,0
267,"C-250",3132,37,True,0
171,"C-15",1951,37,False,0
554,"C-20",5142,37,False,0
602,"C-212",76,37,True,0
6519,"C-15B",1951,37,False,0
541,"C-7",4566,37,False,0
6518,"C-10B",5142,37,False,0
874,"C-24",2677,37,False,0
633,"C-250",2111,37,True,0
180,"C-24",1951,37,False,0
268,"C-251",3132,37,True,0
269,"C-252",3097,37,True,0
540,"C-6",4566,37,False,0
859,"C-9",247,37,False,0
219,"C-202",3094,37,True,0
221,"C-204",185,37,True,0
222,"C-205",185,37,True,0
223,"C-206",185,37,True,0
224,"C-207",185,37,True,0
225,"C-208",3681,37,True,0
226,"C-209",3681,37,True,0
227,"C-210",276,37,True,0
228,"C-211",276,37,True,0
634,"C-251",197,37,True,0
170,"C-14",4464,37,False,0
581,"C-47",247,37,False,0
609,"C-219",4697,37,True,0
610,"C-220",4458,37,True,0
616,"C-226",230,37,True,0
7214,"C-228",198,37,True,0
618,"C-229",198,37,True,0
619,"C-230",5117,37,True,0
7215,"C-231",204,37,True,0
7216,"C-232",186,37,True,0
7217,"C-233",186,37,True,0
7218,"C-234",276,37,True,0
7219,"C-235",5063,37,True,0
7220,"C-236",5063,37,True,0
605,"C-215",131,37,True,0
543,"C-9",3160,37,False,0
857,"C-7",2379,37,False,0
451,"C-436",59,37,True,0
566,"C-32",5142,37,False,0
697,"C-314",59,37,True,0
257,"C-240",3033,37,True,0
337,"C-321",25,37,True,0
244,"C-227",2934,37,True,0
245,"C-228",2934,37,True,0
246,"C-229",2934,37,True,0
247,"C-230",2934,37,True,0
248,"C-231",2934,37,True,0
864,"C-14",72,37,False,0
249,"C-232",2111,37,True,0
250,"C-233",3132,37,True,0
251,"C-234",4405,37,True,0
252,"C-235",3132,37,True,0
254,"C-237",137,37,True,0
255,"C-238",137,37,True,0
256,"C-239",137,37,True,0
383,"C-368",4675,37,True,0
311,"C-294",3164,37,True,0
258,"C-241",2913,37,True,0
259,"C-242",192,37,True,0
263,"C-246",296,37,True,0
264,"C-247",59,37,True,0
265,"C-248",197,37,True,0
266,"C-249",4228,37,True,0
271,"C-254",5063,37,True,0
272,"C-255",137,37,True,0
273,"C-256",177,37,True,0
274,"C-257",177,37,True,0
275,"C-258",137,37,True,0
276,"C-259",183,37,True,0
277,"C-260",183,37,True,0
278,"C-261",285,37,True,0
279,"C-262",285,37,True,0
280,"C-263",4228,37,True,0
281,"C-264",2111,37,True,0
282,"C-265",285,37,True,0
283,"C-266",2913,37,True,0
285,"C-268",3820,37,True,0
286,"C-269",3221,37,True,0
287,"C-270",3127,37,True,0
1030,"C-82",72,38,False,0
288,"C-271",2313,37,True,0
289,"C-272",137,37,True,0
290,"C-273",2913,37,True,0
291,"C-274",177,37,True,0
292,"C-275",177,37,True,0
293,"C-276",197,37,True,0
294,"C-277",131,37,True,0
295,"C-278",131,37,True,0
296,"C-279",3127,37,True,0
297,"C-280",3127,37,True,0
298,"C-281",99,37,True,0
299,"C-282",99,37,True,0
300,"C-283",3175,37,True,0
301,"C-284",3175,37,True,0
302,"C-285",131,37,True,0
304,"C-287",4458,37,True,0
305,"C-288",177,37,True,0
306,"C-289",270,37,True,0
307,"C-290",216,37,True,0
308,"C-291",131,37,True,0
309,"C-292",4156,37,True,0
331,"C-315",159,37,True,0
332,"C-316",159,37,True,0
333,"C-317",159,37,True,0
334,"C-318",3750,37,True,0
335,"C-319",4458,37,True,0
336,"C-320",276,37,True,0
434,"C-419",1677,37,True,0
338,"C-322",2934,37,True,0
339,"C-323",3102,37,True,0
340,"C-324",3102,37,True,0
341,"C-325",3102,37,True,0
7210,"C-326",198,37,True,0
342,"C-327",3482,37,True,0
343,"C-328",25,37,True,0
344,"C-329",80,37,True,0
345,"C-330",2367,37,True,0
384,"C-369",4675,37,True,0
385,"C-370",4675,37,True,0
348,"C-333",3033,37,True,0
349,"C-334",2522,37,True,0
350,"C-335",29,37,True,0
351,"C-336",230,37,True,0
352,"C-337",112,37,True,0
353,"C-338",285,37,True,0
366,"C-351",285,37,True,0
367,"C-352",284,37,True,0
368,"C-353",284,37,True,0
457,"C-442",119,37,True,0
369,"C-354",284,37,True,0
370,"C-355",2913,37,True,0
371,"C-356",4675,37,True,0
372,"C-357",4675,37,True,0
373,"C-358",4675,37,True,0
374,"C-359",4675,37,True,0
375,"C-360",4675,37,True,0
376,"C-361",4675,37,True,0
377,"C-362",4675,37,True,0
378,"C-363",4675,37,True,0
380,"C-365",4675,37,True,0
381,"C-366",4675,37,True,0
386,"C-371",4675,37,True,0
387,"C-372",4675,37,True,0
388,"C-373",280,37,True,0
389,"C-374",3523,37,True,0
390,"C-375",128,37,True,0
393,"C-378",4675,37,True,0
394,"C-379",4675,37,True,0
395,"C-380",4675,37,True,0
396,"C-381",4675,37,True,0
397,"C-382",4675,37,True,0
398,"C-383",4675,37,True,0
399,"C-384",4675,37,True,0
400,"C-385",3355,37,True,0
401,"C-386",216,37,True,0
402,"C-387",284,37,True,0
403,"C-388",3849,37,True,0
404,"C-389",5100,37,True,0
405,"C-390",4136,37,True,0
407,"C-392",177,37,True,0
408,"C-393",5214,37,True,0
409,"C-394",5057,37,True,0
463,"C-448",185,37,True,0
410,"C-395",58,37,True,0
411,"C-396",131,37,True,0
412,"C-397",226,37,True,0
413,"C-398",2913,37,True,0
414,"C-399",284,37,True,0
417,"C-402",1677,37,True,0
418,"C-403",177,37,True,0
419,"C-404",4983,37,True,0
420,"C-405",3132,37,True,0
421,"C-406",177,37,True,0
422,"C-407",21,37,True,0
423,"C-408",4675,37,True,0
424,"C-409",273,37,True,0
425,"C-410",270,37,True,0
426,"C-411",2182,37,True,0
427,"C-412",177,37,True,0
428,"C-413",5117,37,True,0
429,"C-414",209,37,True,0
430,"C-415",2111,37,True,0
431,"C-416",80,37,True,0
432,"C-417",183,37,True,0
433,"C-418",2313,37,True,0
435,"C-420",29,37,True,0
436,"C-421",2913,37,True,0
437,"C-422",4675,37,True,0
438,"C-423",185,37,True,0
439,"C-424",177,37,True,0
440,"C-425",177,37,True,0
442,"C-427",3102,37,True,0
444,"C-429",52,37,True,0
445,"C-430",271,37,True,0
447,"C-432",5338,37,True,0
448,"C-433",177,37,True,0
449,"C-434",3132,37,True,0
450,"C-435",192,37,True,0
452,"C-437",2913,37,True,0
453,"C-438",4259,37,True,0
454,"C-439",221,37,True,0
455,"C-440",296,37,True,0
456,"C-441",3465,37,True,0
458,"C-443",301,37,True,0
459,"C-444",174,37,True,0
460,"C-445",186,37,True,0
462,"C-447",185,37,True,0
464,"C-449",3831,37,True,0
465,"C-450",174,37,True,0
466,"C-451",5338,37,True,0
467,"C-452",2913,37,True,0
468,"C-453",2913,37,True,0
469,"C-454",197,37,True,0
470,"C-455",76,37,True,0
471,"C-456",35,37,True,0
472,"C-457",35,37,True,0
473,"C-458",35,37,True,0
474,"C-459",35,37,True,0
475,"C-460",301,37,True,0
476,"C-461",137,37,True,0
477,"C-462",3221,37,True,0
478,"C-463",73,37,True,0
480,"C-465",3949,37,True,0
481,"C-466",296,37,True,0
482,"C-467",296,37,True,0
483,"C-468",296,37,True,0
484,"C-469",137,37,True,0
485,"C-470",270,37,True,0
486,"C-471",3383,37,True,0
7211,"C-473",2934,37,True,0
489,"C-475",4675,37,True,0
490,"C-476",4675,37,True,0
491,"C-477",276,37,True,0
552,"C-18",68,37,False,0
661,"C-278",284,37,True,0
551,"C-17",4464,37,False,0
553,"C-19",4566,37,False,0
555,"C-21",247,37,False,0
556,"C-22",5142,37,False,0
557,"C-23",96,37,False,0
558,"C-24",3358,37,False,0
559,"C-25",247,37,False,0
560,"C-26",4464,37,False,0
562,"C-28",4682,37,False,0
564,"C-30",247,37,False,0
567,"C-33",96,37,False,0
568,"C-34",3358,37,False,0
569,"C-35",191,37,False,0
571,"C-37",191,37,False,0
572,"C-38",5142,37,False,0
573,"C-39",3358,37,False,0
635,"C-252",185,37,True,0
652,"C-269",1677,37,True,0
663,"C-280",4156,37,True,0
700,"C-317",152,37,True,0
708,"C-325",59,37,True,0
793,"C-411",3523,37,True,0
742,"C-360",4675,37,True,0
743,"C-361",4675,37,True,0
744,"C-362",4675,37,True,0
745,"C-363",4675,37,True,0
746,"C-364",4675,37,True,0
747,"C-365",4675,37,True,0
748,"C-366",4675,37,True,0
749,"C-367",4675,37,True,0
750,"C-368",4675,37,True,0
751,"C-369",4675,37,True,0
752,"C-370",4675,37,True,0
753,"C-371",4675,37,True,0
754,"C-372",4675,37,True,0
755,"C-373",4675,37,True,0
756,"C-374",4675,37,True,0
757,"C-375",4675,37,True,0
758,"C-376",4675,37,True,0
759,"C-377",4675,37,True,0
760,"C-378",4675,37,True,0
761,"C-379",4675,37,True,0
762,"C-380",4675,37,True,0
763,"C-381",4675,37,True,0
764,"C-382",4675,37,True,0
765,"C-383",4675,37,True,0
766,"C-384",4675,37,True,0
767,"C-385",4675,37,True,0
768,"C-386",4675,37,True,0
769,"C-387",4675,37,True,0
770,"C-388",4675,37,True,0
1278,"C-455",300,38,True,0
771,"C-389",4675,37,True,0
772,"C-390",4675,37,True,0
773,"C-391",4675,37,True,0
788,"C-406",119,37,True,0
803,"C-422",3985,37,True,0
828,"C-447",3985,37,True,0
840,"C-459",2684,37,True,0
630,"C-247",137,37,True,0
7212,"C-1",5241,37,False,0
853,"C-3",2677,37,False,0
854,"C-4",2677,37,False,0
855,"C-5",2677,37,False,0
856,"C-6",2820,37,False,0
858,"C-8",5111,37,False,0
861,"C-11",2502,37,False,0
863,"C-13",72,37,False,0
865,"C-15",1951,37,False,0
1279,"C-456",233,38,True,0
866,"C-16",1951,37,False,0
867,"C-17",2677,37,False,0
868,"C-18",121,37,False,0
881,"C-31",2502,37,False,0
884,"C-34",3160,37,False,0
7223,"C-37",72,37,False,0
599,"C-209",276,37,True,0
600,"C-210",276,37,True,0
601,"C-211",276,37,True,0
603,"C-213",131,37,True,0
607,"C-217",2934,37,True,0
608,"C-218",2934,37,True,0
611,"C-221",131,37,True,0
612,"C-222",131,37,True,0
613,"C-223",174,37,True,0
615,"C-225",3383,37,True,0
620,"C-237",174,37,True,0
621,"C-238",285,37,True,0
622,"C-239",285,37,True,0
623,"C-240",285,37,True,0
651,"C-268",2934,37,True,0
683,"C-300",3465,37,True,0
624,"C-241",285,37,True,0
625,"C-242",2913,37,True,0
636,"C-253",185,37,True,0
637,"C-254",185,37,True,0
638,"C-255",3127,37,True,0
639,"C-256",3127,37,True,0
640,"C-257",284,37,True,0
641,"C-258",284,37,True,0
642,"C-259",284,37,True,0
643,"C-260",195,37,True,0
644,"C-261",2934,37,True,0
645,"C-262",2934,37,True,0
647,"C-264",2934,37,True,0
648,"C-265",2934,37,True,0
649,"C-266",2934,37,True,0
650,"C-267",2934,37,True,0
680,"C-297",301,37,True,0
653,"C-270",137,37,True,0
654,"C-271",280,37,True,0
655,"C-272",296,37,True,0
656,"C-273",296,37,True,0
657,"C-274",296,37,True,0
658,"C-275",296,37,True,0
628,"C-245",137,38,True,0
659,"C-276",296,37,True,0
660,"C-277",284,37,True,0
662,"C-279",284,37,True,0
664,"C-281",3132,37,True,0
665,"C-282",3132,37,True,0
666,"C-283",99,37,True,0
667,"C-284",99,37,True,0
668,"C-285",185,37,True,0
669,"C-286",185,37,True,0
670,"C-287",3383,37,True,0
671,"C-288",3383,37,True,0
672,"C-289",177,37,True,0
673,"C-290",177,37,True,0
674,"C-291",177,37,True,0
676,"C-293",177,37,True,0
677,"C-294",177,37,True,0
678,"C-295",177,37,True,0
684,"C-301",95,37,True,0
685,"C-302",4228,37,True,0
686,"C-303",73,37,True,0
687,"C-304",4228,37,True,0
688,"C-305",299,37,True,0
689,"C-306",284,37,True,0
690,"C-307",208,37,True,0
691,"C-308",221,37,True,0
692,"C-309",2913,37,True,0
1085,"C-257",137,38,True,0
693,"C-310",285,37,True,0
694,"C-311",285,37,True,0
695,"C-312",277,37,True,0
696,"C-313",43,37,True,0
698,"C-315",3132,37,True,0
699,"C-316",152,37,True,0
701,"C-318",137,37,True,0
703,"C-320",209,37,True,0
704,"C-321",2913,37,True,0
705,"C-322",270,37,True,0
706,"C-323",270,37,True,0
707,"C-324",2182,37,True,0
709,"C-326",59,37,True,0
710,"C-327",186,37,True,0
1037,"C-206",279,38,True,0
1082,"C-254",276,38,True,0
1107,"C-279",243,38,True,0
1081,"C-253",276,38,True,0
1159,"C-331",183,38,True,0
952,"C-3",160,38,False,0
951,"C-2",72,38,False,0
1036,"C-205",3127,38,True,0
1038,"C-207",279,38,True,0
1039,"C-208",279,38,True,0
1261,"C-435",192,38,True,0
1263,"C-437",246,38,True,0
1074,"C-243",35,38,True,0
1075,"C-244",185,38,True,0
629,"C-246",137,38,True,0
1231,"C-403",165,38,True,0
1054,"C-223",185,38,True,0
1094,"C-266",276,38,True,0
1095,"C-267",284,38,True,0
978,"C-29",98,38,False,0
1108,"C-280",12,38,True,0
1116,"C-288",3094,38,True,0
1125,"C-297",3132,38,True,0
1147,"C-319",301,38,True,0
1158,"C-330",131,38,True,0
7225,"C-333A",183,38,True,0
1173,"C-345",99,38,True,0
1175,"C-347",99,38,True,0
1176,"C-348",272,38,True,0
1177,"C-349",201,38,True,0
1184,"C-356",276,38,True,0
1185,"C-357",1,38,True,0
1186,"C-358",266,38,True,0
1187,"C-359",173,38,True,0
1195,"C-367",81,38,True,0
1197,"C-369",3454,38,True,0
1198,"C-370",3465,38,True,0
1202,"C-374",119,38,True,0
1203,"C-375",1757,38,True,0
1204,"C-376",25,38,True,0
1208,"C-380",297,38,True,0
1209,"C-381",25,38,True,0
1210,"C-382",25,38,True,0
1211,"C-383",233,38,True,0
1212,"C-384",286,38,True,0
1213,"C-385",306,38,True,0
1214,"C-386",185,38,True,0
1215,"C-387",185,38,True,0
1216,"C-388",185,38,True,0
1250,"C-423",119,38,True,0
1217,"C-389",185,38,True,0
1225,"C-397",261,38,True,0
1229,"C-401",270,38,True,0
1224,"C-396",271,38,True,0
1230,"C-402",270,38,True,0
1233,"C-405",136,38,True,0
1234,"C-406",122,38,True,0
1235,"C-407",159,38,True,0
1238,"C-410",177,38,True,0
1239,"C-411",177,38,True,0
1240,"C-412",177,38,True,0
1245,"C-417",58,38,True,0
1259,"C-433",43,38,True,0
1260,"C-434",295,38,True,0
1265,"C-439",157,38,True,0
1267,"C-441",276,38,True,0
1270,"C-444",3454,38,True,0
1272,"C-446",3175,38,True,0
1275,"C-452",148,38,True,0
1277,"C-454",276,38,True,0
984,"C-36",21,38,False,0
996,"C-48",121,38,False,0
997,"C-49",72,38,False,0
1123,"C-295",183,38,True,0
993,"C-45",127,38,False,0
1003,"C-55",98,38,False,0
1011,"C-63",21,38,False,0
958,"C-9",2677,38,False,0
965,"C-16",72,38,False,0
1129,"C-301",3831,38,True,0
995,"C-47",160,38,False,0
1100,"C-272",261,38,True,0
6554,"C-1",187,38,False,0
1001,"C-53",72,38,False,0
964,"C-15",89,38,False,0
1093,"C-265",302,38,True,0
1031,"C-83",90,38,False,0
1102,"C-274",189,38,True,0
953,"C-4",160,38,False,0
954,"C-5",298,38,False,0
955,"C-6",1951,38,False,0
956,"C-7",89,38,False,0
957,"C-8",2182,38,False,0
959,"C-10",72,38,False,0
960,"C-11",2182,38,False,0
961,"C-12",90,38,False,0
962,"C-13",72,38,False,0
963,"C-14",259,38,False,0
966,"C-17",72,38,False,0
967,"C-18",2728,38,False,0
968,"C-19",98,38,False,0
969,"C-20",259,38,False,0
970,"C-21",98,38,False,0
971,"C-22",93,38,False,0
972,"C-23",298,38,False,0
973,"C-24",121,38,False,0
974,"C-25",2820,38,False,0
975,"C-26",1951,38,False,0
1029,"C-81",1951,38,False,0
976,"C-27",2502,38,False,0
977,"C-28",90,38,False,0
979,"C-30",2379,38,False,0
980,"C-31",227,38,False,0
981,"C-32",2820,38,False,0
7224,"C-33",121,38,False,0
982,"C-34",2182,38,False,0
983,"C-35",2182,38,False,0
985,"C-37",98,38,False,0
986,"C-38",72,38,False,0
1016,"C-68",160,38,False,0
987,"C-39",121,38,False,0
988,"C-40",2502,38,False,0
989,"C-41",2182,38,False,0
990,"C-42",2182,38,False,0
991,"C-43",121,38,False,0
992,"C-44",160,38,False,0
994,"C-46",1951,38,False,0
998,"C-50",72,38,False,0
999,"C-51",72,38,False,0
1000,"C-52",242,38,False,0
1002,"C-54",259,38,False,0
1004,"C-56",259,38,False,0
1005,"C-57",121,38,False,0
1064,"C-233",276,38,True,0
1006,"C-58",2182,38,False,0
1008,"C-60",2728,38,False,0
1009,"C-61",160,38,False,0
1010,"C-62",160,38,False,0
1012,"C-64",72,38,False,0
1013,"C-65",72,38,False,0
1014,"C-66",121,38,False,0
1015,"C-67",121,38,False,0
1017,"C-69",2502,38,False,0
1018,"C-70",72,38,False,0
1019,"C-71",259,38,False,0
1020,"C-72",72,38,False,0
1021,"C-73",98,38,False,0
1051,"C-220",185,38,True,0
1022,"C-74",1951,38,False,0
1023,"C-75",90,38,False,0
1024,"C-76",298,38,False,0
1025,"C-77",298,38,False,0
1026,"C-78",1951,38,False,0
1027,"C-79",21,38,False,0
1028,"C-80",121,38,False,0
1032,"C-201",185,38,True,0
1033,"C-202",276,38,True,0
1034,"C-203",3127,38,True,0
1035,"C-204",3127,38,True,0
1040,"C-209",276,38,True,0
1041,"C-210",276,38,True,0
1042,"C-211",276,38,True,0
1043,"C-212",3899,38,True,0
1044,"C-213",3899,38,True,0
1045,"C-214",3899,38,True,0
1046,"C-215",157,38,True,0
1047,"C-216",185,38,True,0
1048,"C-217",185,38,True,0
1049,"C-218",185,38,True,0
1050,"C-219",185,38,True,0
1052,"C-221",185,38,True,0
1053,"C-222",185,38,True,0
1055,"C-224",185,38,True,0
1056,"C-225",185,38,True,0
1057,"C-226",185,38,True,0
1058,"C-227",185,38,True,0
1059,"C-228",185,38,True,0
1060,"C-229",185,38,True,0
1061,"C-230",3132,38,True,0
1062,"C-231",276,38,True,0
1103,"C-275",133,38,True,0
1063,"C-232",276,38,True,0
1065,"C-234",276,38,True,0
1066,"C-235",43,38,True,0
1067,"C-236",192,38,True,0
1068,"C-237",192,38,True,0
1069,"C-238",284,38,True,0
1070,"C-239",301,38,True,0
1071,"C-240",174,38,True,0
1072,"C-241",59,38,True,0
1073,"C-242",2684,38,True,0
1076,"C-247",185,38,True,0
631,"C-248",137,38,True,0
1077,"C-249",185,38,True,0
1078,"C-250",185,38,True,0
1079,"C-251",276,38,True,0
1080,"C-252",276,38,True,0
1083,"C-255",276,38,True,0
1084,"C-256",276,38,True,0
1086,"C-258",174,38,True,0
1087,"C-259",95,38,True,0
1088,"C-260",250,38,True,0
1089,"C-261",139,38,True,0
1090,"C-262",113,38,True,0
1091,"C-263",2775,38,True,0
1092,"C-264",2399,38,True,0
1115,"C-287",3132,38,True,0
1096,"C-268",207,38,True,0
1097,"C-269",3899,38,True,0
1098,"C-270",137,38,True,0
1099,"C-271",3899,38,True,0
1101,"C-273",78,38,True,0
1104,"C-276",2923,38,True,0
1105,"C-277",252,38,True,0
1106,"C-278",48,38,True,0
1109,"C-281",185,38,True,0
1110,"C-282",153,38,True,0
1111,"C-283",3094,38,True,0
1144,"C-316",301,38,True,0
1112,"C-284",276,38,True,0
1113,"C-285",9,38,True,0
1114,"C-286",131,38,True,0
1117,"C-289",208,38,True,0
1118,"C-290",208,38,True,0
1119,"C-291",208,38,True,0
1120,"C-292",208,38,True,0
1121,"C-293",300,38,True,0
1122,"C-294",300,38,True,0
1124,"C-296",80,38,True,0
1126,"C-298",284,38,True,0
1127,"C-299",284,38,True,0
1128,"C-300",261,38,True,0
1130,"C-302",2399,38,True,0
1131,"C-303",2684,38,True,0
1132,"C-304",3164,38,True,0
1133,"C-305",271,38,True,0
1134,"C-306",271,38,True,0
1227,"C-399",270,38,True,0
1135,"C-307",296,38,True,0
1136,"C-308",296,38,True,0
1137,"C-309",177,38,True,0
1138,"C-310",3899,38,True,0
1139,"C-311",3899,38,True,0
1140,"C-312",130,38,True,0
1141,"C-313",59,38,True,0
1142,"C-314",113,38,True,0
1143,"C-315",174,38,True,0
1145,"C-317",301,38,True,0
1146,"C-318",301,38,True,0
1148,"C-320",301,38,True,0
1149,"C-321",219,38,True,0
1150,"C-322",219,38,True,0
1151,"C-323",181,38,True,0
1152,"C-324",3899,38,True,0
1153,"C-325",3899,38,True,0
1154,"C-326",221,38,True,0
1155,"C-327",284,38,True,0
1156,"C-328",284,38,True,0
1157,"C-329",284,38,True,0
1160,"C-332",131,38,True,0
1228,"C-400",270,38,True,0
1161,"C-333",217,38,True,0
1162,"C-334",2522,38,True,0
1163,"C-335",237,38,True,0
1164,"C-336",2064,38,True,0
1165,"C-337",3899,38,True,0
1166,"C-338",3899,38,True,0
1167,"C-339",177,38,True,0
1168,"C-340",177,38,True,0
1169,"C-341",177,38,True,0
1170,"C-342",177,38,True,0
1171,"C-343",176,38,True,0
1172,"C-344",177,38,True,0
1174,"C-346",99,38,True,0
1178,"C-350",119,38,True,0
1179,"C-351",119,38,True,0
1180,"C-352",119,38,True,0
1181,"C-353",58,38,True,0
1182,"C-354",151,38,True,0
1183,"C-355",300,38,True,0
1188,"C-360",41,38,True,0
1189,"C-361",146,38,True,0
1190,"C-362",3071,38,True,0
1191,"C-363",2664,38,True,0
7227,"C-448",28,38,True,0
1192,"C-364",143,38,True,0
1193,"C-365",219,38,True,0
1194,"C-366",265,38,True,0
1196,"C-368",219,38,True,0
1199,"C-371",119,38,True,0
1200,"C-372",119,38,True,0
1201,"C-373",119,38,True,0
1205,"C-377",25,38,True,0
1207,"C-379",299,38,True,0
1218,"C-390",183,38,True,0
1219,"C-391",183,38,True,0
1220,"C-392",261,38,True,0
1221,"C-393",46,38,True,0
1222,"C-394",81,38,True,0
1223,"C-395",271,38,True,0
1226,"C-398",306,38,True,0
7228,"C-449",261,38,True,0
1232,"C-404",2,38,True,0
1236,"C-408",237,38,True,0
1237,"C-409",177,38,True,0
1241,"C-413",177,38,True,0
1242,"C-414",233,38,True,0
1243,"C-415",276,38,True,0
1244,"C-416",35,38,True,0
1246,"C-418",142,38,True,0
1247,"C-419",301,38,True,0
1248,"C-421",119,38,True,0
1249,"C-422",119,38,True,0
1251,"C-424",119,38,True,0
1252,"C-425",119,38,True,0
1253,"C-426",61,38,True,0
1254,"C-427",3033,38,True,0
1255,"C-428",138,38,True,0
1256,"C-429",163,38,True,0
1257,"C-430",23,38,True,0
1752,"C-504",276,39,True,0
7226,"C-431",201,38,True,0
1258,"C-432",188,38,True,0
1262,"C-436",192,38,True,0
1264,"C-438",177,38,True,0
1266,"C-440",128,38,True,0
1268,"C-442",3175,38,True,0
1269,"C-443",135,38,True,0
1271,"C-445",3899,38,True,0
1273,"C-447",219,38,True,0
7229,"C-450",262,38,True,0
1274,"C-451",5,38,True,0
1276,"C-453",286,38,True,0
1280,"C-457",129,38,True,0
1281,"C-458",28,38,True,0
1282,"C-459",276,38,True,0
1283,"C-460",73,38,True,0
1284,"C-461",148,38,True,0
1285,"C-462",219,38,True,0
1286,"C-463",136,38,True,0
1287,"C-464",243,38,True,0
1651,"C-11",277,39,False,0
1661,"C-21",277,39,False,0
1325,"C-40",425,39,False,0
1662,"C-22",295,39,False,0
1665,"C-25",212,39,False,0
1327,"C-42",417,39,False,0
1328,"C-43",212,39,False,0
1675,"C-35",287,39,False,0
1685,"C-45",177,39,False,0
1684,"C-44",246,39,False,0
1694,"C-54",417,39,False,0
1353,"C-204",157,39,True,0
1354,"C-205",157,39,True,0
1677,"C-37",102,39,False,0
1300,"C-14",102,39,False,0
1362,"C-213",276,39,True,0
1678,"C-38",174,39,False,0
1679,"C-39",246,39,False,0
1340,"C-55",295,39,False,0
1343,"C-58",414,39,False,0
1305,"C-19",287,39,False,0
1407,"C-258",185,39,True,0
1440,"C-292",187,39,True,0
1702,"C-62",2,39,False,0
1379,"C-230",192,39,True,0
1292,"C-6",414,39,False,0
1294,"C-8",401,39,False,0
1295,"C-9",287,39,False,0
1299,"C-13",425,39,False,0
1303,"C-17",287,39,False,0
1304,"C-18",287,39,False,0
1681,"C-41",425,39,False,0
1306,"C-20",414,39,False,0
1308,"C-22",287,39,False,0
1309,"C-23",287,39,False,0
1310,"C-24",98,39,False,0
1311,"C-25",425,39,False,0
1312,"C-26",287,39,False,0
1313,"C-27",287,39,False,0
1753,"C-505",221,39,True,0
1639,"C-28",425,39,False,0
1643,"C-3",81,39,False,0
1647,"C-7",414,39,False,0
1314,"C-29",414,39,False,0
1648,"C-8",414,39,False,0
1649,"C-9",404,39,False,0
1682,"C-42",459,39,False,0
1776,"C-528",69,39,True,0
1777,"C-529",112,39,True,0
1778,"C-530",192,39,True,0
1344,"C-59",212,39,False,0
1652,"C-12",407,39,False,0
1315,"C-30",6,39,False,0
1680,"C-40",407,39,False,0
1653,"C-13",212,39,False,0
1654,"C-14",414,39,False,0
1655,"C-15",174,39,False,0
1656,"C-16",295,39,False,0
1657,"C-17",102,39,False,0
1317,"C-32",287,39,False,0
1319,"C-34",236,39,False,0
1320,"C-35",287,39,False,0
1321,"C-36",102,39,False,0
1658,"C-18",295,39,False,0
1659,"C-19",295,39,False,0
1660,"C-20",295,39,False,0
1322,"C-37",425,39,False,0
1323,"C-38",401,39,False,0
1302,"C-16",212,39,False,0
1324,"C-39",401,39,False,0
1663,"C-23",414,39,False,0
1666,"C-26",212,39,False,0
1326,"C-41",404,39,False,0
1668,"C-28",425,39,False,0
1669,"C-29",295,39,False,0
1329,"C-44",236,39,False,0
1330,"C-45",135,39,False,0
1670,"C-30",277,39,False,0
1331,"C-46",407,39,False,0
1671,"C-31",212,39,False,0
1672,"C-32",135,39,False,0
1673,"C-33",246,39,False,0
1332,"C-47",404,39,False,0
1333,"C-48",212,39,False,0
1359,"C-210",276,39,True,0
1334,"C-49",287,39,False,0
1335,"C-50",287,39,False,0
1674,"C-34",277,39,False,0
1336,"C-51",236,39,False,0
1339,"C-54",295,39,False,0
1377,"C-228",192,39,True,0
1676,"C-36",414,39,False,0
1692,"C-52",417,39,False,0
1345,"C-60",287,39,False,0
1687,"C-47",277,39,False,0
1348,"C-63",174,39,False,0
1349,"C-64",414,39,False,0
1351,"C-202",157,39,True,0
1690,"C-50",425,39,False,0
1691,"C-51",417,39,False,0
1693,"C-53",212,39,False,0
1695,"C-55",98,39,False,0
1355,"C-206",279,39,True,0
1358,"C-209",276,39,True,0
1696,"C-56",414,39,False,0
1697,"C-57",246,39,False,0
1364,"C-215",276,39,True,0
1365,"C-216",176,39,True,0
1698,"C-58",287,39,False,0
1368,"C-219",96,39,True,0
1369,"C-220",157,39,True,0
1699,"C-59",287,39,False,0
1700,"C-60",177,39,False,0
1371,"C-222",183,39,True,0
1372,"C-223",43,39,True,0
1373,"C-224",276,39,True,0
1376,"C-227",144,39,True,0
1378,"C-229",192,39,True,0
1380,"C-231",192,39,True,0
1381,"C-232",430,39,True,0
1382,"C-233",271,39,True,0
1703,"C-63",277,39,False,0
1383,"C-234",219,39,True,0
1384,"C-235",137,39,True,0
1350,"C-201",157,39,True,0
1386,"C-237",276,39,True,0
1650,"C-10",425,39,False,0
1387,"C-238",276,39,True,0
1664,"C-24",81,39,False,0
1388,"C-239",276,39,True,0
1392,"C-243",192,39,True,0
1352,"C-203",157,39,True,0
1346,"C-61",177,39,False,0
1347,"C-62",407,39,False,0
1356,"C-207",38,39,True,0
1357,"C-208",276,39,True,0
1363,"C-214",276,39,True,0
1360,"C-211",276,39,True,0
1361,"C-212",276,39,True,0
1704,"C-220",157,39,True,0
1366,"C-217",73,39,True,0
1367,"C-218",96,39,True,0
1370,"C-221",276,39,True,0
1394,"C-245",137,39,True,0
1395,"C-246",268,39,True,0
1401,"C-252",59,39,True,0
1403,"C-254",306,39,True,0
1404,"C-255",276,39,True,0
1405,"C-256",276,39,True,0
1406,"C-257",444,39,True,0
1374,"C-225",185,39,True,0
1375,"C-226",276,39,True,0
1408,"C-259",185,39,True,0
1385,"C-236",185,39,True,0
1389,"C-240",276,39,True,0
1390,"C-241",276,39,True,0
1391,"C-242",276,39,True,0
1393,"C-244",286,39,True,0
1396,"C-247",268,39,True,0
1397,"C-248",268,39,True,0
1398,"C-249",268,39,True,0
1399,"C-250",276,39,True,0
1400,"C-251",279,39,True,0
1402,"C-253",197,39,True,0
1409,"C-260",185,39,True,0
1410,"C-261",185,39,True,0
1411,"C-262",185,39,True,0
1412,"C-263",79,39,True,0
1413,"C-264",306,39,True,0
1414,"C-265",119,39,True,0
1415,"C-266",268,39,True,0
1416,"C-267",185,39,True,0
1417,"C-268",276,39,True,0
1418,"C-269",83,39,True,0
1705,"C-293",195,39,True,0
1419,"C-270",415,39,True,0
1420,"C-271",126,39,True,0
1421,"C-272",147,39,True,0
1422,"C-273",147,39,True,0
1423,"C-274",147,39,True,0
1424,"C-275",301,39,True,0
1425,"C-276",301,39,True,0
1429,"C-280",82,39,True,0
1640,"C-281",157,39,True,0
1430,"C-282",286,39,True,0
1432,"C-284",242,39,True,0
1434,"C-286",408,39,True,0
2755,"C-1",132,39,False,0
1435,"C-287",273,39,True,0
1436,"C-288",248,39,True,0
1437,"C-289",220,39,True,0
2757,"C-1",132,39,False,0
1293,"C-7",215,39,False,0
1438,"C-290",184,39,True,0
1316,"C-31",212,39,False,0
1439,"C-291",25,39,True,0
1447,"C-299",239,39,True,0
1706,"C-328",185,39,True,0
1441,"C-293",195,39,True,0
1442,"C-294",103,39,True,0
1288,"C-2",401,39,False,0
1686,"C-46",246,39,False,0
1443,"C-295",403,39,True,0
1701,"C-61",236,39,False,0
1444,"C-296",284,39,True,0
1445,"C-297",262,39,True,0
1289,"C-3",414,39,False,0
1290,"C-4",212,39,False,0
1446,"C-298",205,39,True,0
1291,"C-5",417,39,False,0
1448,"C-300",246,39,True,0
1449,"C-301",147,39,True,0
1450,"C-302",451,39,True,0
1451,"C-303",451,39,True,0
1342,"C-57",102,39,False,0
1452,"C-304",209,39,True,0
1453,"C-305",302,39,True,0
1454,"C-306",302,39,True,0
1301,"C-15",277,39,False,0
1455,"C-307",75,39,True,0
1456,"C-308",276,39,True,0
1457,"C-309",276,39,True,0
1458,"C-310",99,39,True,0
1459,"C-311",421,39,True,0
1460,"C-312",301,39,True,0
1461,"C-313",271,39,True,0
1462,"C-314",262,39,True,0
1463,"C-315",262,39,True,0
1318,"C-33",425,39,False,0
1707,"C-391",165,39,True,0
1337,"C-52",425,39,False,0
1338,"C-53",177,39,False,0
1708,"C-397",451,39,True,0
1341,"C-56",295,39,False,0
1710,"C-462",186,39,True,0
1464,"C-316",262,39,True,0
1465,"C-317",185,39,True,0
1466,"C-318",185,39,True,0
1467,"C-319",185,39,True,0
1642,"C-2",212,39,False,0
1645,"C-5",174,39,False,0
1468,"C-320",201,39,True,0
1646,"C-6",295,39,False,0
1469,"C-321",194,39,True,0
1641,"C-322",198,39,True,0
1470,"C-323",219,39,True,0
1471,"C-324",181,39,True,0
1667,"C-27",212,39,False,0
1472,"C-325",122,39,True,0
1683,"C-43",81,39,False,0
1473,"C-326",261,39,True,0
1474,"C-327",29,39,True,0
1476,"C-329",185,39,True,0
1688,"C-48",287,39,False,0
1689,"C-49",287,39,False,0
1477,"C-330",185,39,True,0
1478,"C-331",185,39,True,0
1296,"C-10",287,39,False,0
1297,"C-11",414,39,False,0
1298,"C-12",81,39,False,0
1307,"C-21",81,39,False,0
1475,"C-328",185,39,True,0
1479,"C-332",185,39,True,0
1480,"C-333",185,39,True,0
1481,"C-334",185,39,True,0
1482,"C-335",185,39,True,0
1483,"C-336",415,39,True,0
1484,"C-337",131,39,True,0
1485,"C-338",274,39,True,0
1486,"C-339",439,39,True,0
1487,"C-340",406,39,True,0
1488,"C-341",301,39,True,0
1489,"C-342",219,39,True,0
1490,"C-343",256,39,True,0
1717,"C-469",10,39,True,0
1491,"C-344",31,39,True,0
1492,"C-345",16,39,True,0
1493,"C-346",126,39,True,0
1494,"C-347",126,39,True,0
1495,"C-348",261,39,True,0
1497,"C-350",284,39,True,0
1498,"C-351",284,39,True,0
1709,"C-459",28,39,True,0
1499,"C-352",276,39,True,0
1500,"C-353",276,39,True,0
1501,"C-354",183,39,True,0
1502,"C-355",262,39,True,0
1503,"C-356",185,39,True,0
1504,"C-357",31,39,True,0
1711,"C-463",262,39,True,0
1712,"C-464",255,39,True,0
1713,"C-465",130,39,True,0
1714,"C-466",406,39,True,0
1715,"C-467",462,39,True,0
1716,"C-468",75,39,True,0
1718,"C-470",15,39,True,0
1505,"C-358",308,39,True,0
1506,"C-359",408,39,True,0
1507,"C-360",272,39,True,0
1508,"C-361",197,39,True,0
1509,"C-362",20,39,True,0
1510,"C-363",415,39,True,0
1518,"C-371",119,39,True,0
1719,"C-471",185,39,True,0
1720,"C-472",221,39,True,0
1721,"C-473",146,39,True,0
1722,"C-474",118,39,True,0
1723,"C-475",423,39,True,0
1724,"C-476",189,39,True,0
1725,"C-477",262,39,True,0
1511,"C-364",119,39,True,0
1512,"C-365",119,39,True,0
1513,"C-366",119,39,True,0
1514,"C-367",119,39,True,0
1726,"C-478",119,39,True,0
1727,"C-479",119,39,True,0
1728,"C-480",119,39,True,0
1729,"C-481",298,39,True,0
1730,"C-482",230,39,True,0
1731,"C-483",273,39,True,0
1732,"C-484",99,39,True,0
1733,"C-485",280,39,True,0
1515,"C-368",119,39,True,0
1516,"C-369",119,39,True,0
1517,"C-370",119,39,True,0
1734,"C-486",268,39,True,0
1735,"C-487",189,39,True,0
1736,"C-488",264,39,True,0
1737,"C-489",301,39,True,0
1738,"C-490",56,39,True,0
1739,"C-491",105,39,True,0
1740,"C-492",146,39,True,0
1741,"C-493",261,39,True,0
1742,"C-494",261,39,True,0
1743,"C-495",262,39,True,0
1744,"C-496",273,39,True,0
1519,"C-372",454,39,True,0
1520,"C-373",139,39,True,0
1521,"C-374",306,39,True,0
1522,"C-375",445,39,True,0
1523,"C-376",413,39,True,0
1524,"C-377",165,39,True,0
1745,"C-497",421,39,True,0
1746,"C-498",264,39,True,0
1747,"C-499",249,39,True,0
1748,"C-500",306,39,True,0
1749,"C-501",144,39,True,0
1750,"C-502",276,39,True,0
1751,"C-503",276,39,True,0
1525,"C-378",24,39,True,0
1526,"C-379",276,39,True,0
1527,"C-380",282,39,True,0
1528,"C-381",421,39,True,0
1754,"C-506",241,39,True,0
1755,"C-507",440,39,True,0
1529,"C-382",440,39,True,0
1530,"C-383",272,39,True,0
1426,"C-277",424,39,True,0
1765,"C-517",226,39,True,0
1427,"C-278",100,39,True,0
1756,"C-508",403,39,True,0
1757,"C-509",403,39,True,0
1758,"C-510",421,39,True,0
1759,"C-511",406,39,True,0
1760,"C-512",406,39,True,0
1761,"C-513",442,39,True,0
1762,"C-514",421,39,True,0
1763,"C-515",192,39,True,0
1764,"C-516",262,39,True,0
1428,"C-279",460,39,True,0
1431,"C-283",299,39,True,0
1531,"C-384",426,39,True,0
1766,"C-518",79,39,True,0
1767,"C-519",19,39,True,0
1768,"C-520",77,39,True,0
1599,"C-454",115,39,True,0
1769,"C-521",168,39,True,0
1433,"C-285",112,39,True,0
1532,"C-385",112,39,True,0
1533,"C-386",76,39,True,0
1534,"C-387",211,39,True,0
1535,"C-388",262,39,True,0
1536,"C-389",188,39,True,0
1537,"C-390",415,39,True,0
2205,"C-391",165,39,True,0
1538,"C-392",197,39,True,0
1564,"C-419",253,39,True,0
1539,"C-393",46,39,True,0
1540,"C-394",445,39,True,0
1541,"C-395",181,39,True,0
1542,"C-396",259,39,True,0
2206,"C-397",451,39,True,0
1543,"C-398",451,39,True,0
1544,"C-399",301,39,True,0
1545,"C-400",262,39,True,0
1546,"C-401",276,39,True,0
1547,"C-402",276,39,True,0
1548,"C-403",445,39,True,0
1549,"C-404",175,39,True,0
1550,"C-405",410,39,True,0
1551,"C-406",146,39,True,0
1552,"C-407",4206,39,True,0
1553,"C-408",21,39,True,0
1554,"C-409",397,39,True,0
1555,"C-410",144,39,True,0
1556,"C-411",41,39,True,0
1557,"C-412",109,39,True,0
1558,"C-413",406,39,True,0
1559,"C-414",146,39,True,0
1560,"C-415",262,39,True,0
1561,"C-416",144,39,True,0
1562,"C-417",183,39,True,0
1563,"C-418",415,39,True,0
1565,"C-420",406,39,True,0
1566,"C-421",305,39,True,0
1567,"C-422",74,39,True,0
1568,"C-423",434,39,True,0
1569,"C-424",5,39,True,0
1570,"C-425",189,39,True,0
1571,"C-426",199,39,True,0
1572,"C-427",268,39,True,0
1573,"C-428",461,39,True,0
1574,"C-429",301,39,True,0
1575,"C-430",435,39,True,0
1576,"C-431",186,39,True,0
1577,"C-432",276,39,True,0
1578,"C-433",127,39,True,0
1579,"C-434",276,39,True,0
1580,"C-435",276,39,True,0
1581,"C-436",276,39,True,0
1582,"C-437",146,39,True,0
1583,"C-438",69,39,True,0
1584,"C-439",255,39,True,0
1585,"C-440",308,39,True,0
1586,"C-441",37,39,True,0
1587,"C-442",415,39,True,0
1588,"C-443",281,39,True,0
1589,"C-444",272,39,True,0
1590,"C-445",23,39,True,0
1591,"C-446",240,39,True,0
1592,"C-447",167,39,True,0
1593,"C-448",400,39,True,0
1594,"C-449",416,39,True,0
1595,"C-450",306,39,True,0
1596,"C-451",188,39,True,0
1597,"C-452",400,39,True,0
1598,"C-453",22,39,True,0
1600,"C-455",139,39,True,0
1601,"C-456",400,39,True,0
1602,"C-457",220,39,True,0
1603,"C-458",291,39,True,0
1604,"C-459",28,39,True,0
1605,"C-460",400,39,True,0
1606,"C-461",219,39,True,0
1773,"C-525",242,39,True,0
1770,"C-522",15,39,True,0
1774,"C-526",211,39,True,0
1771,"C-523",397,39,True,0
1772,"C-524",301,39,True,0
1775,"C-527",301,39,True,0
1779,"C-531",185,39,True,0
1780,"C-532",261,39,True,0
1781,"C-533",146,39,True,0
1782,"C-534",272,39,True,0
1783,"C-535",255,39,True,0
1784,"C-536",72,39,True,0
1785,"C-537",296,39,True,0
1786,"C-538",400,39,True,0
1787,"C-539",454,39,True,0
1788,"C-540",433,39,True,0
1789,"C-541",301,39,True,0
1790,"C-542",46,39,True,0
1791,"C-543",273,39,True,0
1792,"C-544",271,39,True,0
1793,"C-545",144,39,True,0
1794,"C-546",546,39,True,0
1795,"C-547",147,39,True,0
1796,"C-548",68,39,True,0
1797,"C-549",460,39,True,0
1798,"C-550",36,39,True,0
1799,"C-551",406,39,True,0
1800,"C-552",11,39,True,0
1801,"C-553",146,39,True,0
1802,"C-554",185,39,True,0
1803,"C-555",193,39,True,0
1804,"C-556",164,39,True,0
1805,"C-557",437,39,True,0
1806,"C-558",450,39,True,0
1807,"C-559",119,39,True,0
1808,"C-560",294,39,True,0
1809,"C-561",188,39,True,0
1810,"C-562",159,39,True,0
1811,"C-563",432,39,True,0
1812,"C-564",80,39,True,0
1813,"C-565",192,39,True,0
2207,"C-566",301,39,True,0
1814,"C-567",185,39,True,0
1815,"C-568",150,39,True,0
1816,"C-569",432,39,True,0
1817,"C-570",209,39,True,0
1818,"C-571",403,39,True,0
1819,"C-572",550,39,True,0
1820,"C-573",405,39,True,0
1821,"C-574",16,39,True,0
1965,"C-278",15,40,True,0
2023,"C-336",10,40,True,0
1966,"C-279",597,40,True,0
1884,"C-11",618,40,False,1
1886,"C-13",246,40,False,0
1899,"C-26",212,40,False,0
1900,"C-27",417,40,False,0
1904,"C-31",212,40,False,0
1907,"C-34",295,40,False,0
1908,"C-35",295,40,False,0
1913,"C-40",104,40,False,0
1882,"C-9",401,40,False,1
1915,"C-42",212,40,False,0
1916,"C-43",295,40,False,0
1925,"C-52",212,40,False,0
1926,"C-53",295,40,False,0
1927,"C-54",212,40,False,0
1928,"C-55",212,40,False,0
1930,"C-57",81,40,False,0
1931,"C-58",212,40,False,0
1932,"C-59",295,40,False,0
1933,"C-60",295,40,False,0
1934,"C-61",6,40,False,0
1936,"C-63",277,40,False,0
1929,"C-56",102,40,False,1
1826,"C-201",276,40,True,0
1827,"C-202",276,40,True,0
1828,"C-203",276,40,True,0
1829,"C-204",72,40,True,0
1830,"C-205",421,40,True,0
1834,"C-209",276,40,True,0
1835,"C-210",276,40,True,0
1838,"C-213",276,40,True,0
1938,"C-215",276,40,True,0
1841,"C-216",276,40,True,0
1842,"C-217",276,40,True,0
1843,"C-218",276,40,True,0
1844,"C-219",276,40,True,0
1846,"C-221",276,40,True,0
1851,"C-226",276,40,True,0
1939,"C-227",415,40,True,0
1940,"C-228",255,40,True,0
1854,"C-229",139,40,True,0
1855,"C-230",139,40,True,0
1856,"C-231",127,40,True,0
1859,"C-234",119,40,True,0
1866,"C-241",447,40,True,0
1869,"C-244",588,40,True,0
1870,"C-245",157,40,True,0
1872,"C-247",157,40,True,0
1874,"C-249",185,40,True,0
1878,"C-253",185,40,True,0
1941,"C-254",301,40,True,0
1942,"C-255",301,40,True,0
1943,"C-256",185,40,True,0
1944,"C-257",185,40,True,0
1945,"C-258",185,40,True,0
1946,"C-259",185,40,True,0
1947,"C-260",185,40,True,0
1948,"C-261",185,40,True,0
1949,"C-262",185,40,True,0
1950,"C-263",185,40,True,0
1951,"C-264",185,40,True,0
1952,"C-265",185,40,True,0
1953,"C-266",185,40,True,0
1954,"C-267",185,40,True,0
1955,"C-268",268,40,True,0
1956,"C-269",144,40,True,0
2155,"C-468",562,40,True,0
1957,"C-270",144,40,True,0
1958,"C-271",144,40,True,0
1959,"C-272",144,40,True,0
1962,"C-275",189,40,True,0
1963,"C-276",189,40,True,0
1964,"C-277",15,40,True,0
1967,"C-280",573,40,True,0
1968,"C-281",573,40,True,0
1969,"C-282",209,40,True,0
1970,"C-283",209,40,True,0
1971,"C-284",440,40,True,0
1972,"C-285",144,40,True,0
1973,"C-286",415,40,True,0
1974,"C-287",415,40,True,0
1975,"C-288",83,40,True,0
1976,"C-289",109,40,True,0
1977,"C-290",23,40,True,0
1982,"C-295",105,40,True,0
1983,"C-296",105,40,True,0
1984,"C-297",421,40,True,0
1985,"C-298",421,40,True,0
1986,"C-299",421,40,True,0
1987,"C-300",195,40,True,0
1989,"C-302",219,40,True,0
1990,"C-303",219,40,True,0
1991,"C-304",80,40,True,0
1992,"C-305",80,40,True,0
1995,"C-308",169,40,True,0
1996,"C-309",249,40,True,0
1997,"C-310",599,40,True,0
1998,"C-311",596,40,True,0
1999,"C-312",596,40,True,0
2000,"C-313",146,40,True,0
2001,"C-314",146,40,True,0
2003,"C-316",406,40,True,0
2004,"C-317",188,40,True,0
2005,"C-318",188,40,True,0
2006,"C-319",150,40,True,0
2007,"C-320",608,40,True,0
2008,"C-321",286,40,True,0
2009,"C-322",291,40,True,0
2010,"C-323",79,40,True,0
2011,"C-324",146,40,True,0
2012,"C-325",597,40,True,0
2013,"C-326",185,40,True,0
2014,"C-327",616,40,True,0
2127,"C-440",591,40,True,0
2015,"C-328",451,40,True,0
2016,"C-329",133,40,True,0
2017,"C-330",458,40,True,0
2018,"C-331",157,40,True,0
2019,"C-332",157,40,True,0
2020,"C-333",301,40,True,0
2022,"C-335",595,40,True,0
2024,"C-337",415,40,True,0
2025,"C-338",146,40,True,0
2027,"C-340",286,40,True,0
2028,"C-341",301,40,True,0
2030,"C-343",36,40,True,0
2031,"C-344",79,40,True,0
2033,"C-346",616,40,True,0
2034,"C-347",616,40,True,0
2035,"C-348",301,40,True,0
2037,"C-350",276,40,True,0
2038,"C-351",276,40,True,0
2039,"C-352",167,40,True,0
2040,"C-353",400,40,True,0
2042,"C-355",109,40,True,0
2043,"C-356",79,40,True,0
2044,"C-357",301,40,True,0
2045,"C-358",595,40,True,0
2046,"C-359",186,40,True,0
2047,"C-360",593,40,True,0
2048,"C-361",439,40,True,0
2050,"C-363",185,40,True,0
2051,"C-364",550,40,True,0
2052,"C-365",146,40,True,0
2053,"C-366",301,40,True,0
2054,"C-367",421,40,True,0
2055,"C-368",451,40,True,0
2056,"C-369",597,40,True,0
2057,"C-370",400,40,True,0
2058,"C-371",451,40,True,0
2059,"C-372",146,40,True,0
2060,"C-373",416,40,True,0
2061,"C-374",405,40,True,0
2062,"C-375",405,40,True,0
2063,"C-376",112,40,True,0
2064,"C-377",112,40,True,0
2065,"C-378",415,40,True,0
2066,"C-379",146,40,True,0
2067,"C-380",306,40,True,0
2068,"C-381",306,40,True,0
2069,"C-382",301,40,True,0
2103,"C-416",79,40,True,0
2070,"C-383",306,40,True,0
2072,"C-385",144,40,True,0
2073,"C-386",158,40,True,0
2074,"C-387",69,40,True,0
2075,"C-388",69,40,True,0
2076,"C-389",261,40,True,0
2077,"C-390",261,40,True,0
2080,"C-393",301,40,True,0
2081,"C-394",306,40,True,0
2082,"C-395",10,40,True,0
2083,"C-396",265,40,True,0
2084,"C-397",416,40,True,0
2085,"C-398",11,40,True,0
2086,"C-399",75,40,True,0
2087,"C-400",75,40,True,0
2088,"C-401",262,40,True,0
2089,"C-402",262,40,True,0
2090,"C-403",262,40,True,0
2091,"C-404",262,40,True,0
2092,"C-405",262,40,True,0
2093,"C-406",262,40,True,0
2094,"C-407",261,40,True,0
2095,"C-408",72,40,True,0
2096,"C-409",416,40,True,0
2097,"C-410",573,40,True,0
2098,"C-411",11,40,True,0
2100,"C-413",146,40,True,0
2101,"C-414",186,40,True,0
2102,"C-415",416,40,True,0
2104,"C-417",261,40,True,0
2105,"C-418",572,40,True,0
2106,"C-419",112,40,True,0
2107,"C-420",573,40,True,0
2108,"C-421",593,40,True,0
2109,"C-422",296,40,True,0
2110,"C-423",146,40,True,0
2111,"C-424",242,40,True,0
2112,"C-425",421,40,True,0
2113,"C-426",593,40,True,0
2114,"C-427",416,40,True,0
2115,"C-428",88,40,True,0
2116,"C-429",12,40,True,0
2118,"C-431",589,40,True,0
2120,"C-433",301,40,True,0
2121,"C-434",199,40,True,0
2122,"C-435",146,40,True,0
2123,"C-436",290,40,True,0
2124,"C-437",197,40,True,0
2125,"C-438",83,40,True,0
2126,"C-439",211,40,True,0
2128,"C-441",576,40,True,0
2129,"C-442",606,40,True,0
2130,"C-443",21,40,True,0
2131,"C-444",568,40,True,0
2132,"C-445",261,40,True,0
2133,"C-446",616,40,True,0
2134,"C-447",261,40,True,0
2135,"C-448",440,40,True,0
2136,"C-449",238,40,True,0
2137,"C-450",202,40,True,0
2138,"C-451",144,40,True,0
2139,"C-452",297,40,True,0
2140,"C-453",261,40,True,0
2141,"C-454",157,40,True,0
2143,"C-456",146,40,True,0
2144,"C-457",562,40,True,0
2145,"C-458",616,40,True,0
2146,"C-459",400,40,True,0
2147,"C-460",573,40,True,0
2148,"C-461",608,40,True,0
2149,"C-462",597,40,True,0
2150,"C-463",146,40,True,0
2151,"C-464",552,40,True,0
2152,"C-465",446,40,True,0
2153,"C-466",451,40,True,0
2154,"C-467",90,40,True,0
2156,"C-469",608,40,True,0
2157,"C-470",127,40,True,0
2158,"C-471",431,40,True,0
2071,"C-384",159,40,True,0
2159,"C-472",75,40,True,0
2160,"C-473",257,40,True,0
2161,"C-474",400,40,True,0
2163,"C-476",439,40,True,0
2165,"C-478",415,40,True,0
2166,"C-479",202,40,True,0
2167,"C-480",597,40,True,0
2168,"C-481",105,40,True,0
2169,"C-482",265,40,True,0
2170,"C-483",72,40,True,0
2171,"C-484",146,40,True,0
2172,"C-485",415,40,True,0
2173,"C-486",29,40,True,0
2174,"C-487",439,40,True,0
2175,"C-488",588,40,True,0
2176,"C-489",588,40,True,0
2177,"C-490",588,40,True,0
2178,"C-491",578,40,True,0
2179,"C-492",416,40,True,0
2180,"C-493",416,40,True,0
2181,"C-542",46,40,True,0
2182,"C-555",193,40,True,0
1863,"C-238",211,40,True,0
2186,"C-5",287,40,False,0
2242,"C-26",414,40,False,0
1961,"C-274",189,40,True,0
2241,"C-25",277,40,False,0
2275,"C-39",287,40,False,0
2224,"C-15",448,40,False,0
2229,"C-16",212,40,False,0
2231,"C-17",212,40,False,0
2232,"C-18",104,40,False,0
2233,"C-19",104,40,False,0
2234,"C-20",401,40,False,0
2225,"C-505",157,40,True,0
2246,"C-27",246,40,False,0
2252,"C-32",417,40,False,0
2256,"C-33",401,40,False,0
2264,"C-37",152,40,False,0
2270,"C-38",287,40,False,0
2280,"C-41",177,40,False,0
2288,"C-43",81,40,False,0
2260,"C-35",152,40,False,1
2305,"C-46",295,40,False,0
1833,"C-208",276,40,True,0
2029,"C-342",304,40,True,0
2329,"C-49",287,40,False,0
2335,"C-50",212,40,False,0
2336,"C-51",212,40,False,0
2337,"C-52",287,40,False,0
2339,"C-53",212,40,False,0
1840,"C-215",276,40,True,0
2341,"C-54",212,40,False,0
2350,"C-56",152,40,False,0
2352,"C-57",207,40,False,0
2387,"C-60",212,40,False,0
1881,"C-8",277,40,False,0
1831,"C-206",421,40,True,0
1832,"C-207",421,40,True,0
1837,"C-212",276,40,True,0
2041,"C-354",146,40,True,0
2078,"C-391",600,40,True,0
2239,"C-23",287,40,False,0
2355,"C-600",546,40,True,0
2099,"C-412",72,40,True,0
2117,"C-430",242,40,True,0
2200,"C-500",197,40,True,0
2142,"C-455",546,40,True,0
2304,"C-23B",287,40,False,0
2194,"C-494",146,40,True,0
2195,"C-495",616,40,True,0
2162,"C-475",617,40,True,0
2164,"C-477",415,40,True,0
2196,"C-496",8333,40,True,0
2197,"C-497",28,40,True,0
2253,"C-523",185,40,True,0
2198,"C-498",439,40,True,0
2199,"C-499",11,40,True,0
2201,"C-501",595,40,True,0
2202,"C-502",8333,40,True,0
2203,"C-503",21,40,True,0
2204,"C-504",593,40,True,0
2212,"C-506",157,40,True,0
2213,"C-507",571,40,True,0
2214,"C-508",301,40,True,0
2215,"C-509",291,40,True,0
2216,"C-510",411,40,True,0
2217,"C-511",298,40,True,0
2226,"C-513",599,40,True,0
2227,"C-514",588,40,True,0
2228,"C-515",286,40,True,0
2230,"C-516",426,40,True,0
2236,"C-517",616,40,True,0
2237,"C-518",8333,40,True,0
2243,"C-519",265,40,True,0
2244,"C-520",8333,40,True,0
2245,"C-521",8333,40,True,0
2249,"C-522",119,40,True,0
2254,"C-524",276,40,True,0
2255,"C-525",56,40,True,0
2258,"C-526",8333,40,True,0
2259,"C-527",415,40,True,0
2261,"C-528",616,40,True,0
2262,"C-529",616,40,True,0
2265,"C-530",405,40,True,0
2266,"C-531",82,40,True,0
2267,"C-532",595,40,True,0
2268,"C-533",576,40,True,0
2269,"C-534",415,40,True,0
2271,"C-535",265,40,True,0
2272,"C-536",261,40,True,0
2273,"C-537",306,40,True,0
2274,"C-538",80,40,True,0
2276,"C-539",592,40,True,0
2277,"C-540",588,40,True,0
2278,"C-541",599,40,True,0
2281,"C-543",616,40,True,0
2282,"C-544",400,40,True,0
2286,"C-545",188,40,True,0
2283,"C-546",188,40,True,0
2284,"C-547",298,40,True,0
2285,"C-548",121,40,True,0
2291,"C-549",451,40,True,0
2292,"C-550",616,40,True,0
2293,"C-551",588,40,True,0
2294,"C-552",144,40,True,0
2295,"C-553",144,40,True,0
2296,"C-554",72,40,True,0
2297,"C-556",416,40,True,0
2298,"C-557",416,40,True,0
2299,"C-558",80,40,True,0
2300,"C-559",80,40,True,0
2301,"C-560",596,40,True,0
2302,"C-561",255,40,True,0
2306,"C-562",75,40,True,0
2307,"C-563",75,40,True,0
2308,"C-564",439,40,True,0
2309,"C-565",416,40,True,0
2311,"C-566",416,40,True,0
2312,"C-567",146,40,True,0
2313,"C-568",24,40,True,0
2314,"C-569",595,40,True,0
2315,"C-570",421,40,True,0
2316,"C-571",421,40,True,0
2317,"C-572",421,40,True,0
2318,"C-573",574,40,True,0
2319,"C-574",260,40,True,0
2320,"C-575",604,40,True,0
2321,"C-576",610,40,True,0
2323,"C-577",146,40,True,0
2324,"C-578",616,40,True,0
2325,"C-579",597,40,True,0
2326,"C-580",11,40,True,0
2327,"C-581",440,40,True,0
2328,"C-582",115,40,True,0
2330,"C-583",189,40,True,0
2331,"C-584",440,40,True,0
2332,"C-585",415,40,True,0
2333,"C-586",121,40,True,0
2334,"C-587",146,40,True,0
2338,"C-588",185,40,True,0
2340,"C-589",400,40,True,0
2342,"C-590",262,40,True,0
2343,"C-591",262,40,True,0
2374,"C-617",286,40,True,0
2344,"C-592",276,40,True,0
2345,"C-593",557,40,True,0
2348,"C-595",577,40,True,0
2349,"C-596",279,40,True,0
2351,"C-597",577,40,True,0
2353,"C-598",616,40,True,0
2354,"C-599",168,40,True,0
2356,"C-601",440,40,True,0
2357,"C-602",442,40,True,0
2359,"C-603",415,40,True,0
2360,"C-604",416,40,True,0
2361,"C-605",577,40,True,0
2362,"C-606",550,40,True,0
2363,"C-607",576,40,True,0
2364,"C-608",130,40,True,0
2365,"C-609",577,40,True,0
2366,"C-610",260,40,True,0
2367,"C-611",75,40,True,0
2368,"C-612",442,40,True,0
2369,"C-613",276,40,True,0
2370,"C-614",288,40,True,0
2371,"C-615",416,40,True,0
2372,"C-616",593,40,True,0
2375,"C-618",261,40,True,0
2376,"C-619",453,40,True,0
2377,"C-620",456,40,True,0
2378,"C-621",126,40,True,0
2741,"C-646",557,40,True,0
2379,"C-622",578,40,True,0
2380,"C-623",408,40,True,0
2381,"C-624",100,40,True,0
2382,"C-625",80,40,True,0
2383,"C-626",80,40,True,0
2384,"C-627",69,40,True,0
2385,"C-628",69,40,True,0
2386,"C-629",15,40,True,0
2388,"C-630",577,40,True,0
2390,"C-631",557,40,True,0
2391,"C-632",304,40,True,0
2392,"C-633",16,40,True,0
2393,"C-634",616,40,True,0
2394,"C-635",598,40,True,0
2395,"C-636",8337,40,True,0
2396,"C-637",607,40,True,0
2731,"C-638",589,40,True,0
2732,"C-639",416,40,True,0
2733,"C-640",599,40,True,0
2734,"C-641",211,40,True,0
2735,"C-642",593,40,True,0
2738,"C-643",129,40,True,0
2739,"C-644",265,40,True,0
2740,"C-645",557,40,True,0
2742,"C-647",144,40,True,0
2743,"C-648",588,40,True,0
2248,"C-29",417,40,False,0
1850,"C-225",276,40,True,0
1868,"C-243",119,40,True,0
2185,"C-4",212,40,False,0
1871,"C-246",157,40,True,0
1875,"C-250",185,40,True,0
1876,"C-251",185,40,True,0
1877,"C-252",185,40,True,0
1909,"C-36",212,40,False,0
1910,"C-37",401,40,False,0
1839,"C-214",276,40,True,0
1847,"C-222",276,40,True,0
1848,"C-223",276,40,True,0
1849,"C-224",276,40,True,0
1852,"C-227",415,40,True,0
1853,"C-228",255,40,True,0
1857,"C-232",119,40,True,0
1858,"C-233",119,40,True,0
1860,"C-235",188,40,True,0
1861,"C-236",188,40,True,0
1862,"C-237",211,40,True,0
1864,"C-239",211,40,True,0
1865,"C-240",96,40,True,0
1867,"C-242",119,40,True,0
1836,"C-211",276,40,True,0
1845,"C-220",276,40,True,0
2189,"C-8",295,40,False,0
2191,"C-10",104,40,False,0
2193,"C-12",104,40,False,0
1978,"C-291",454,40,True,0
1979,"C-292",406,40,True,0
1980,"C-293",406,40,True,0
1981,"C-294",406,40,True,0
1988,"C-301",43,40,True,0
1879,"C-6",618,40,False,0
1888,"C-15",212,40,False,0
1892,"C-19",212,40,False,0
2002,"C-315",406,40,True,0
2208,"C-1",132,40,False,0
2753,"C-1",132,40,False,0
1903,"C-30",104,40,False,0
1873,"C-248",185,40,True,0
1893,"C-20",579,40,False,0
1994,"C-307",221,40,True,0
2021,"C-334",406,40,True,0
2222,"C-512",555,40,True,0
2026,"C-339",73,40,True,0
2032,"C-345",58,40,True,0
2036,"C-349",406,40,True,0
1896,"C-23",81,40,False,0
1917,"C-44",401,40,False,0
2346,"C-594",616,40,True,0
1901,"C-28",277,40,False,1
1993,"C-306",128,40,True,0
1918,"C-45",152,40,False,0
1919,"C-46",212,40,False,0
1920,"C-47",295,40,False,0
6349,"C-277",109,41,True,0
1960,"C-273",189,40,True,0
2079,"C-392",440,40,True,0
1905,"C-32",618,40,False,1
7620,"C-650",8491,41,True,0
7601,"C-638",74,41,True,0
7695,"C-696",8915,41,True,0
7674,"C-65",208,41,False,0
2751,"C-201",415,41,True,0
2749,"C-203",415,41,True,0
2748,"C-204",588,41,True,0
7581,"C-624",21,41,True,0
6394,"C-316",133,41,True,1
2750,"C-202",415,41,True,0
2747,"C-205",415,41,True,0
2761,"C-207",157,41,True,0
2760,"C-208",119,41,True,0
2765,"C-212",8333,41,True,0
7677,"C-68",177,41,False,0
7700,"C-74",581,41,False,0
2746,"C-206",415,41,True,0
2775,"C-220",577,41,True,0
2774,"C-221",577,41,True,0
2773,"C-222",577,41,True,0
2783,"C-231",74,41,True,0
6423,"C-336",415,41,True,0
6440,"C-348",189,41,True,0
6443,"C-350",163,41,True,0
6508,"C-401",588,41,True,0
7241,"C-431",286,41,True,0
7242,"C-432",8350,41,True,0
2772,"C-223",557,41,True,0
2769,"C-226",8333,41,True,0
2797,"C-241",276,41,True,0
2822,"C-259",400,41,True,0
6341,"C-269",276,41,True,0
6358,"C-285",440,41,True,0
6359,"C-286",440,41,True,0
6381,"C-303",185,41,True,0
6396,"C-318",415,41,True,0
6486,"C-384",286,41,True,0
6503,"C-397",2038,41,True,0
6366,"C-292",163,41,True,0
7260,"C-447",276,41,True,0
7291,"C-466",593,41,True,0
7629,"C-53",177,41,False,0
6363,"C-289",146,41,True,0
6364,"C-290",69,41,True,0
6373,"C-295",80,41,True,0
6374,"C-296",80,41,True,0
6375,"C-297",557,41,True,0
6376,"C-298",588,41,True,0
6379,"C-301",185,41,True,0
7701,"C-699",9187,41,True,0
6380,"C-302",185,41,True,0
6400,"C-320",442,41,True,0
6402,"C-322",400,41,True,0
6403,"C-323",146,41,True,0
6404,"C-324",265,41,True,0
6405,"C-325",265,41,True,0
6407,"C-327",608,41,True,0
7276,"C-458",583,41,True,0
7400,"C-542",8736,41,True,0
7586,"C-628",75,41,True,0
7404,"C-543",405,41,True,0
7425,"C-11",8361,41,False,0
2759,"C-209",276,41,True,0
2758,"C-210",276,41,True,0
2779,"C-216",276,41,True,0
7326,"C-484",9187,41,True,0
7582,"C-625",237,41,True,0
7583,"C-626",8790,41,True,0
7588,"C-630",1371,41,True,0
7604,"C-639",1241,41,True,0
7630,"C-657",189,41,True,0
6462,"C-365",23,41,True,0
7612,"C-48",246,41,False,0
7613,"C-49",208,41,False,0
7288,"C-465",8528,41,True,0
7399,"C-541",733,41,True,0
7631,"C-658",8491,41,True,0
7647,"C-668",2038,41,True,0
2800,"C-238",276,41,True,0
7336,"C-492",8406,41,True,0
7420,"C-547",588,41,True,0
7421,"C-548",445,41,True,0
7422,"C-549",398,41,True,0
7591,"C-632",72,41,True,0
7632,"C-659",8392,41,True,0
7678,"C-687",616,41,True,0
7679,"C-688",616,41,True,0
7694,"C-695",617,41,True,0
7416,"C-545",80,41,True,0
7417,"C-546",8474,41,True,0
7427,"C-551",96,41,True,0
7614,"C-50",233,41,False,0
6458,"C-361",415,41,True,0
7594,"C-633",276,41,True,0
7605,"C-640",3658,41,True,0
7606,"C-641",8606,41,True,0
7615,"C-645",232,41,True,0
6360,"C-287",440,41,True,0
7463,"C-553",8589,41,True,0
2777,"C-218",593,41,True,0
2776,"C-219",593,41,True,0
6500,"C-396",588,41,True,0
7313,"C-478",28,41,True,0
7466,"C-554",593,41,True,0
7484,"C-563",415,41,True,0
7587,"C-629",189,41,True,0
7590,"C-631",3139,41,True,0
7595,"C-634",608,41,True,0
2806,"C-251",276,41,True,0
2805,"C-252",276,41,True,0
7243,"C-433",8350,41,True,0
7479,"C-560",296,41,True,0
7480,"C-561",72,41,True,0
7607,"C-642",561,41,True,0
7616,"C-646",8959,41,True,0
7617,"C-647",8628,41,True,0
7618,"C-648",590,41,True,0
7322,"C-483",178,41,True,1
7619,"C-649",8474,41,True,0
7627,"C-655",43,41,True,0
7628,"C-656",8392,41,True,0
7635,"C-660",607,41,True,0
7646,"C-667",2038,41,True,0
7651,"C-672",607,41,True,0
7472,"C-556",8661,41,True,0
7598,"C-635",8521,41,True,0
2764,"C-213",8333,41,True,0
2799,"C-239",276,41,True,0
2807,"C-250",276,41,True,0
7462,"C-552",593,41,True,0
7319,"C-482",733,41,True,0
7323,"C-57",545,41,False,0
7599,"C-636",8642,41,True,0
2819,"C-256",440,41,True,0
7600,"C-637",8353,41,True,0
7610,"C-643",8596,41,True,0
7611,"C-644",9087,41,True,0
7624,"C-653",255,41,True,0
7623,"C-652",300,41,True,0
2790,"C-233",74,41,True,0
7706,"C-702",265,41,True,0
6351,"C-278",242,41,True,1
7637,"C-56",408,41,False,0
7393,"C-540",8406,41,True,0
7682,"C-69",177,41,False,0
7316,"C-481",8486,41,True,0
7475,"C-558",3139,41,True,0
7476,"C-559",64,41,True,0
7625,"C-654",276,41,True,0
7636,"C-661",1788,41,True,0
7648,"C-669",72,41,True,0
7649,"C-670",8465,41,True,0
7638,"C-57",998,41,False,0
7328,"C-485",405,41,True,0
7329,"C-486",421,41,True,0
7330,"C-487",588,41,True,0
7381,"C-531",595,41,True,0
7382,"C-532",8915,41,True,0
7383,"C-533",121,41,True,0
7653,"C-673",1837,41,True,0
7655,"C-674",9152,41,True,0
2771,"C-224",557,41,True,0
2768,"C-227",595,41,True,0
2786,"C-228",157,41,True,0
2785,"C-229",157,41,True,0
2784,"C-230",157,41,True,0
2782,"C-232",445,41,True,0
2795,"C-243",276,41,True,0
2794,"C-244",276,41,True,0
2793,"C-245",276,41,True,0
2811,"C-246",146,41,True,0
2802,"C-236",577,41,True,0
2801,"C-237",276,41,True,0
2796,"C-242",276,41,True,0
2818,"C-255",440,41,True,0
2820,"C-257",400,41,True,0
2821,"C-258",400,41,True,0
2823,"C-260",24,41,True,0
2824,"C-261",446,41,True,0
2825,"C-262",588,41,True,0
2826,"C-263",80,41,True,0
2828,"C-265",8915,41,True,0
6340,"C-268",276,41,True,0
6342,"C-270",276,41,True,0
6343,"C-271",276,41,True,0
6344,"C-272",276,41,True,0
6346,"C-274",109,41,True,0
6347,"C-275",109,41,True,0
6348,"C-276",109,41,True,0
6352,"C-279",2038,41,True,0
6355,"C-282",440,41,True,0
6356,"C-283",440,41,True,0
6357,"C-284",440,41,True,0
7657,"C-676",1820,41,True,0
7658,"C-60",408,41,False,0
7704,"C-75",8700,41,False,0
2766,"C-211",8333,41,True,0
2789,"C-234",8589,41,True,0
2803,"C-235",442,41,True,0
2798,"C-240",276,41,True,0
2809,"C-248",593,41,True,0
2808,"C-249",276,41,True,0
6399,"C-319",593,41,True,0
6410,"C-329",588,41,True,0
6414,"C-330",577,41,True,0
6417,"C-331",439,41,True,0
6418,"C-332",405,41,True,0
6419,"C-333",588,41,True,0
6420,"C-334",588,41,True,0
6421,"C-335",265,41,True,0
6427,"C-339",72,41,True,0
6552,"C-423",588,41,True,0
6428,"C-340",616,41,True,0
6432,"C-343",596,41,True,0
6434,"C-344",416,41,True,0
6437,"C-345",8333,41,True,0
6439,"C-347",189,41,True,0
6444,"C-351",616,41,True,0
6445,"C-352",616,41,True,0
6446,"C-353",616,41,True,0
6449,"C-354",573,41,True,0
6450,"C-355",616,41,True,0
6453,"C-356",588,41,True,0
6454,"C-357",415,41,True,0
6455,"C-358",415,41,True,0
6456,"C-359",72,41,True,0
6459,"C-362",415,41,True,0
6460,"C-363",400,41,True,0
6465,"C-367",616,41,True,0
6468,"C-368",616,41,True,0
6466,"C-369",616,41,True,0
6469,"C-371",46,41,True,0
6470,"C-372",415,41,True,0
6472,"C-374",80,41,True,0
6473,"C-375",593,41,True,0
6474,"C-376",442,41,True,0
6478,"C-378",146,41,True,0
6479,"C-379",578,41,True,0
6483,"C-382",276,41,True,0
6487,"C-385",290,41,True,0
6488,"C-386",28,41,True,0
6489,"C-387",146,41,True,0
6491,"C-388",175,41,True,0
6492,"C-389",1772,41,True,0
6493,"C-390",185,41,True,0
6495,"C-391",185,41,True,0
6475,"C-377",136,41,True,1
6496,"C-392",185,41,True,0
6499,"C-395",8690,41,True,0
7645,"C-666",89,41,True,0
6431,"C-342",265,41,True,0
6457,"C-360",146,41,True,0
7232,"C-425",605,41,True,0
6482,"C-381",445,41,True,0
6509,"C-402",146,41,True,0
6511,"C-403",75,41,True,0
6512,"C-404",616,41,True,0
6513,"C-405",616,41,True,0
6514,"C-406",1772,41,True,0
6515,"C-407",440,41,True,0
6527,"C-408",146,41,True,0
6531,"C-409",8642,41,True,0
6533,"C-410",577,41,True,0
6438,"C-346",189,41,True,0
6461,"C-364",415,41,True,0
7353,"C-507",596,41,True,0
6537,"C-412",9166,41,True,0
6540,"C-415",616,41,True,0
7650,"C-671",72,41,True,0
6541,"C-416",276,41,True,0
6542,"C-417",9187,41,True,0
6544,"C-418",442,41,True,0
6550,"C-421",74,41,True,0
6551,"C-422",440,41,True,0
7233,"C-426",8350,41,True,0
6536,"C-411",573,41,True,0
7237,"C-430",146,41,True,0
7244,"C-434",400,41,True,0
7245,"C-435",2038,41,True,0
7246,"C-436",9187,41,True,0
7247,"C-437",550,41,True,0
7250,"C-438",557,41,True,0
7251,"C-439",596,41,True,0
7354,"C-508",596,41,True,0
7253,"C-441",416,41,True,0
7262,"C-449",597,41,True,0
7263,"C-450",616,41,True,0
7264,"C-451",265,41,True,0
7266,"C-453",9240,41,True,0
7267,"C-454",9187,41,True,0
7272,"C-455",616,41,True,0
7273,"C-456",28,41,True,0
7659,"C-677",8618,41,True,0
7299,"C-469",8606,41,True,0
7302,"C-471",8915,41,True,0
7306,"C-472",276,41,True,0
7308,"C-473",1172,41,True,0
7309,"C-474",195,41,True,0
7310,"C-475",8682,41,True,0
7312,"C-477",597,41,True,0
7331,"C-488",608,41,True,0
7392,"C-539",8474,41,True,0
7639,"C-58",9243,41,False,0
7281,"C-461",607,41,True,0
7337,"C-493",2703,41,True,0
7338,"C-494",1063,41,True,0
7339,"C-495",74,41,True,0
7340,"C-496",608,41,True,0
7341,"C-497",119,41,True,0
7342,"C-498",440,41,True,0
7343,"C-499",405,41,True,0
7344,"C-500",1063,41,True,0
7347,"C-502",733,41,True,0
7348,"C-503",9187,41,True,0
7351,"C-505",8618,41,True,0
7352,"C-506",9240,41,True,0
7268,"C-509",2038,41,True,0
7355,"C-510",572,41,True,0
7356,"C-511",8753,41,True,0
7357,"C-512",596,41,True,0
7358,"C-513",260,41,True,0
7359,"C-514",8736,41,True,0
7360,"C-515",8896,41,True,0
7259,"C-446",9227,41,True,0
7363,"C-517",604,41,True,0
7364,"C-518",8446,41,True,0
7366,"C-520",8959,41,True,0
7367,"C-521",557,41,True,0
7368,"C-522",598,41,True,0
7369,"C-523",8656,41,True,0
7370,"C-524",4264,41,True,0
7372,"C-526",143,41,True,0
7390,"C-537",72,41,True,0
7391,"C-538",9199,41,True,0
7483,"C-562",8790,41,True,0
7486,"C-564",572,41,True,0
7487,"C-565",8528,41,True,0
7661,"C-679",607,41,True,0
7662,"C-680",195,41,True,0
7680,"C-689",72,41,True,0
7697,"C-698",2038,41,True,0
7702,"C-700",1371,41,True,0
7683,"C-70",6,41,False,0
7361,"C-516",265,41,True,0
7377,"C-528",46,41,True,0
7379,"C-530",87,41,True,0
7384,"C-534",1371,41,True,0
7426,"C-550",8589,41,True,0
7525,"C-585",8886,41,True,0
7527,"C-587",441,41,True,0
7640,"C-662",8333,41,True,0
7350,"C-504",1371,41,True,0
7409,"C-544",193,41,True,0
7507,"C-576",416,41,True,0
7528,"C-588",557,41,True,0
7529,"C-589",597,41,True,0
7641,"C-663",1172,41,True,0
7642,"C-664",255,41,True,0
7643,"C-665",445,41,True,0
7656,"C-675",8959,41,True,0
7707,"C-703",265,41,True,0
7488,"C-566",577,41,True,0
7509,"C-577",416,41,True,0
7531,"C-590",603,41,True,0
7533,"C-592",8603,41,True,0
7534,"C-593",430,41,True,0
7665,"C-682",9187,41,True,0
7494,"C-570",7,41,True,0
7378,"C-529",608,41,True,0
7535,"C-33",8436,41,False,0
7490,"C-567",185,41,True,0
7491,"C-568",8661,41,True,0
7510,"C-578",8790,41,True,0
7684,"C-690",191,41,True,0
7685,"C-691",9271,41,True,0
7493,"C-569",243,41,True,0
7495,"C-571",400,41,True,0
7513,"C-579",8521,41,True,0
7667,"C-683",1063,41,True,0
6429,"C-341",8589,41,True,0
7473,"C-557",2038,41,True,0
7497,"C-572",276,41,True,0
7514,"C-580",8682,41,True,0
6409,"C-328",588,41,True,0
7538,"C-594",109,41,True,0
7664,"C-681",8625,41,True,0
7686,"C-692",617,41,True,0
7669,"C-62",579,41,False,0
7519,"C-582",104,41,True,0
7671,"C-685",596,41,True,0
7672,"C-686",607,41,True,0
7499,"C-573",8712,41,True,0
7518,"C-581",104,41,True,0
7621,"C-651",8500,41,True,0
7501,"C-574",8538,41,True,0
7521,"C-583",9227,41,True,0
7522,"C-584",8547,41,True,0
7660,"C-678",8959,41,True,0
7668,"C-684",219,41,True,0
6471,"C-373",400,41,True,0
7542,"C-595",8333,41,True,0
7543,"C-596",8333,41,True,0
2781,"C-214",276,41,True,0
7504,"C-575",557,41,True,0
7544,"C-597",2534,41,True,0
7705,"C-701",72,41,True,0
2770,"C-225",8333,41,True,0
7689,"C-71",152,41,False,0
7546,"C-598",597,41,True,0
7692,"C-693",609,41,True,0
7693,"C-694",74,41,True,0
7696,"C-697",607,41,True,0
7691,"C-73",177,41,False,0
7547,"C-599",3658,41,True,0
6392,"C-314",410,41,True,0
7548,"C-600",3658,41,True,0
7549,"C-601",616,41,True,0
7550,"C-602",616,41,True,0
7551,"C-603",1326,41,True,0
7552,"C-604",8350,41,True,0
7553,"C-605",8406,41,True,0
7554,"C-606",8642,41,True,0
7555,"C-607",420,41,True,0
7556,"C-608",8461,41,True,0
7557,"C-609",2038,41,True,0
7561,"C-610",72,41,True,0
7562,"C-611",242,41,True,0
7565,"C-612",1816,41,True,0
7566,"C-613",567,41,True,0
7570,"C-617",557,41,True,0
7567,"C-614",3658,41,True,0
7568,"C-615",3139,41,True,0
7569,"C-616",455,41,True,0
7572,"C-618",113,41,True,0
7573,"C-619",8712,41,True,0
7574,"C-620",8642,41,True,0
7575,"C-621",9253,41,True,0
7578,"C-622",550,41,True,0
7579,"C-623",8625,41,True,0
6441,"C-349",189,41,True,0
7376,"C-527",8474,41,True,0
7385,"C-535",8606,41,True,0
7386,"C-536",588,41,True,0
6368,"C-294",595,41,True,0
6430,"C-21",606,41,False,0
6425,"C-337",146,41,True,0
2788,"C-4",287,41,False,0
2787,"C-5",579,41,False,0
2804,"C-7",606,41,False,0
6372,"C-12",448,41,False,0
6408,"C-14",448,41,False,0
6539,"C-414",69,41,True,0
6415,"C-17",545,41,False,0
6498,"C-30",287,41,False,0
7258,"C-445",80,41,True,0
7293,"C-49",208,41,False,0
7304,"C-54",212,41,False,0
7318,"C-56",448,41,False,0
7274,"C-457",23,41,True,0
7349,"C-61",998,41,False,0
7375,"C-65",618,41,False,0
2780,"C-215",276,41,True,0
6339,"C-267",255,41,True,0
2816,"C-253",440,41,True,0
2817,"C-254",440,41,True,0
6345,"C-273",109,41,True,0
6353,"C-280",577,41,True,0
6354,"C-281",121,41,True,0
6365,"C-291",68,41,True,0
6383,"C-305",416,41,True,0
6384,"C-306",8618,41,True,0
6385,"C-307",939,41,True,0
6386,"C-308",1063,41,True,0
7279,"C-459",8562,41,True,0
6390,"C-312",1766,41,True,0
6393,"C-315",8685,41,True,0
6395,"C-317",136,41,True,0
6406,"C-326",265,41,True,0
6426,"C-338",595,41,True,0
6481,"C-380",8333,41,True,0
6464,"C-366",286,41,True,0
6504,"C-398",8558,41,True,0
6505,"C-399",8628,41,True,0
6506,"C-400",8659,41,True,0
6494,"C-393",146,41,True,0
6538,"C-413",69,41,True,0
6549,"C-420",572,41,True,0
7231,"C-424",166,41,True,0
7234,"C-427",8529,41,True,0
7236,"C-429",8500,41,True,0
7252,"C-440",596,41,True,0
7256,"C-443",617,41,True,0
7280,"C-460",80,41,True,0
7284,"C-463",219,41,True,0
7286,"C-464",8692,41,True,0
7311,"C-476",546,41,True,0
7315,"C-480",1781,41,True,0
7292,"C-467",8589,41,True,0
7298,"C-468",442,41,True,0
7300,"C-470",9240,41,True,0
7334,"C-490",557,41,True,0
7335,"C-491",598,41,True,0
7365,"C-519",8446,41,True,0
7846,"C-21",121,42,False,0
7725,"C-206",9294,42,True,0
7745,"C-5",44,42,False,0
7790,"C-12",9820,42,False,0
7743,"C-218",146,42,True,0
7726,"C-207",9547,42,True,0
7746,"C-220",10055,42,True,0
7859,"C-303",2038,42,True,0
7861,"C-304",608,42,True,0
7880,"C-28",10273,42,False,0
7896,"C-33",10312,42,False,0
7840,"C-290",612,42,True,0
7763,"C-234",9848,42,True,0
7783,"C-252",10483,42,True,0
7835,"C-286",562,42,True,0
7839,"C-289",8474,42,True,0
7867,"C-308",290,42,True,0
7874,"C-313",146,42,True,0
7883,"C-316",9818,42,True,0
7736,"C-213",616,42,True,0
7737,"C-214",616,42,True,0
7718,"C-202",608,42,True,0
7720,"C-204",2038,42,True,0
7727,"C-208",9547,42,True,0
7728,"C-209",9547,42,True,0
7820,"C-16",10273,42,False,0
7822,"C-274",1082,42,True,0
7780,"C-250",189,42,True,0
7739,"C-216",1371,42,True,0
7762,"C-233",212,42,True,0
7776,"C-247",9927,42,True,0
7779,"C-249",189,42,True,0
7847,"C-294",9899,42,True,0
7858,"C-302",3139,42,True,0
7865,"C-306",9382,42,True,0
7866,"C-307",270,42,True,0
7849,"C-22",166,42,False,0
7734,"C-211",9547,42,True,0
7748,"C-222",9589,42,True,0
7755,"C-227",9892,42,True,0
7802,"C-259",9187,42,True,0
7824,"C-276",3139,42,True,0
7801,"C-258",9187,42,True,0
7898,"C-34",44,42,False,0
7760,"C-6",191,42,False,0
7757,"C-229",9630,42,True,0
7778,"C-248",189,42,True,0
7848,"C-295",440,42,True,0
7872,"C-312",9318,42,True,0
7732,"C-210",21,42,True,0
7841,"C-291",8678,42,True,0
7794,"C-256",616,42,True,0
7724,"C-205",286,42,True,0
7860,"C-24",10075,42,False,0
7792,"C-254",1371,42,True,0
7793,"C-255",616,42,True,0
7756,"C-228",8333,42,True,0
7759,"C-231",8479,42,True,0
7771,"C-242",9775,42,True,0
7782,"C-251",8333,42,True,0
7735,"C-212",616,42,True,0
7767,"C-238",9869,42,True,0
7769,"C-240",8726,42,True,0
7825,"C-277",10459,42,True,0
7828,"C-280",286,42,True,0
7832,"C-284",616,42,True,0
7833,"C-285",146,42,True,0
7765,"C-236",10351,42,True,0
7773,"C-244",146,42,True,0
7795,"C-257",616,42,True,0
7817,"C-271",616,42,True,0
7766,"C-237",3139,42,True,0
7772,"C-243",9603,42,True,0
7864,"C-25",16,42,False,0
7775,"C-246",10557,42,True,0
7837,"C-18",10380,42,False,0
7891,"C-31",9265,42,False,0
7886,"C-30",9265,42,False,0
7738,"C-215",1371,42,True,0
7742,"C-217",3139,42,True,0
7813,"C-268",300,42,True,0
7752,"C-225",9804,42,True,0
7753,"C-226",408,42,True,0
7774,"C-245",799,42,True,0
7791,"C-253",96,42,True,0
7818,"C-272",616,42,True,0
7899,"C-323",295,42,True,0
7900,"C-324",869,42,True,0
7902,"C-325",10277,42,True,0
7903,"C-326",255,42,True,0
7733,"C-4",9539,42,False,0
7777,"C-7",44,42,False,0
7904,"C-327",10348,42,True,0
7834,"C-17",24,42,False,0
7879,"C-27",10201,42,False,0
7907,"C-328",75,42,True,0
7908,"C-329",10150,42,True,0
7906,"C-36",16,42,False,0
7910,"C-37",9770,42,False,0
7912,"C-330",612,42,True,0
7913,"C-331",146,42,True,0
7814,"C-269",9187,42,True,0
7914,"C-332",10150,42,True,0
7893,"C-321",9791,42,True,0
7897,"C-322",8558,42,True,0
7855,"C-300",9460,42,True,0
7857,"C-301",9445,42,True,0
7868,"C-309",9935,42,True,0
7869,"C-310",10021,42,True,0
7917,"C-334",10348,42,True,0
7758,"C-230",202,42,True,0
7764,"C-235",15,42,True,0
7852,"C-298",616,42,True,0
7854,"C-299",295,42,True,0
7871,"C-311",9315,42,True,0
7890,"C-320",440,42,True,0
7747,"C-221",189,42,True,0
7843,"C-293",616,42,True,0
7851,"C-297",616,42,True,0
7751,"C-224",1515,42,True,0
7811,"C-266",28,42,True,0
7804,"C-261",440,42,True,0
7806,"C-262",8606,42,True,0
7809,"C-265",8517,42,True,0
7719,"C-203",2703,42,True,0
7826,"C-278",113,42,True,0
7827,"C-279",10483,42,True,0
7829,"C-281",10581,42,True,0
7830,"C-282",616,42,True,0
7831,"C-283",616,42,True,0
7842,"C-292",9791,42,True,0
7878,"C-315",46,42,True,0
7884,"C-317",260,42,True,0
7887,"C-318",10150,42,True,0
7889,"C-319",440,42,True,0
7761,"C-232",580,42,True,0
7750,"C-223",9985,42,True,0
7812,"C-267",28,42,True,0
2209,"C-1",132,42,False,0
7892,"C-32",10273,42,False,0
7807,"C-263",146,42,True,0
7808,"C-264",8517,42,True,0
7823,"C-275",10162,42,True,0
7850,"C-296",616,42,True,0
7862,"C-305",9946,42,True,0
7838,"C-288",8333,42,True,0
7877,"C-314",10345,42,True,0
7717,"C-201",8491,42,True,0
7821,"C-273",46,42,True,0
1822,"C-2",81,40,False,1
1824,"C-4",2,40,False,1
1883,"C-10",425,40,False,1
1887,"C-14",212,40,False,1
1897,"C-24",81,40,False,1
1898,"C-25",212,40,False,1
1902,"C-29",246,40,False,1
1906,"C-33",285,40,False,1
1911,"C-38",236,40,False,1
1912,"C-39",277,40,False,1
1914,"C-41",277,40,False,1
1924,"C-51",425,40,False,1
1935,"C-62",425,40,False,1
1937,"C-64",287,40,False,1
2279,"C-40",102,40,False,1
2221,"C-14",417,40,False,1
2210,"C-13",102,40,False,1
2190,"C-9",425,40,False,1
2240,"C-24",277,40,False,1
2183,"C-2",295,40,False,1
2235,"C-21",212,40,False,1
2247,"C-28",417,40,False,1
2251,"C-31",102,40,False,1
2257,"C-34",208,40,False,1
2263,"C-36",618,40,False,1
2289,"C-44",81,40,False,1
2290,"C-45",81,40,False,1
2310,"C-47",425,40,False,1
2322,"C-48",212,40,False,1
2238,"C-22",212,40,False,1
2287,"C-42",401,40,False,1
2347,"C-55",407,40,False,1
2358,"C-58",81,40,False,1
2373,"C-59",287,40,False,1
2389,"C-61",414,40,False,1
2303,"C-23A",287,40,False,1
2250,"C-30",212,40,False,1
2184,"C-3",277,40,False,1
2187,"C-6",81,40,False,1
2188,"C-7",81,40,False,1
2192,"C-11",152,40,False,1
1825,"C-5",277,40,False,1
1880,"C-7",401,40,False,1
1889,"C-16",236,40,False,1
1890,"C-17",236,40,False,1
1891,"C-18",295,40,False,1
1921,"C-48",287,40,False,1
1885,"C-12",287,40,False,1
1894,"C-21",287,40,False,1
1895,"C-22",287,40,False,1
1823,"C-3",401,40,False,1
1922,"C-49",287,40,False,1
1923,"C-50",102,40,False,1
7248,"C-42",287,41,False,1
7603,"C-45",417,41,False,1
7410,"C-6",401,41,False,1
7589,"C-42",408,41,False,1
7584,"C-41",424,41,False,1
7394,"C-2",6,41,False,1
7622,"C-51",408,41,False,1
7676,"C-67",417,41,False,1
7398,"C-3",579,41,False,1
7419,"C-10",177,41,False,1
7675,"C-66",417,41,False,1
2778,"C-217",286,41,True,1
7585,"C-627",8997,41,True,1
7408,"C-5",998,41,False,1
7411,"C-7",601,41,False,1
7412,"C-8",208,41,False,1
7403,"C-4",425,41,False,1
7608,"C-46",581,41,False,1
7609,"C-47",177,41,False,1
7413,"C-9",8436,41,False,1
7464,"C-13",177,41,False,1
7428,"C-12",408,41,False,1
7592,"C-43",998,41,False,1
6422,"C-19",287,41,False,1
7593,"C-44",408,41,False,1
7633,"C-54",417,41,False,1
7634,"C-55",417,41,False,1
7469,"C-14",177,41,False,1
7470,"C-555",558,41,True,1
7654,"C-59",998,41,False,1
7314,"C-479",456,41,True,1
7477,"C-16",8436,41,False,1
7474,"C-15",8436,41,False,1
7478,"C-17",6,41,False,1
2810,"C-247",578,41,True,1
6338,"C-266",8823,41,True,1
6401,"C-321",291,41,True,1
6497,"C-394",877,41,True,1
7481,"C-19",417,41,False,1
7482,"C-18",246,41,False,1
7235,"C-428",548,41,True,1
7265,"C-452",442,41,True,1
7333,"C-489",300,41,True,1
7346,"C-501",446,41,True,1
7257,"C-444",610,41,True,1
7371,"C-525",412,41,True,1
7505,"C-25",8436,41,False,1
7526,"C-586",64,41,True,1
7506,"C-26",177,41,False,1
7532,"C-591",458,41,True,1
7508,"C-27",8361,41,False,1
7626,"C-52",579,41,False,1
7489,"C-20",424,41,False,1
7492,"C-21",417,41,False,1
7511,"C-28",417,41,False,1
7512,"C-29",417,41,False,1
7666,"C-61",618,41,False,1
7496,"C-22",998,41,False,1
7537,"C-34",8436,41,False,1
7670,"C-63",8436,41,False,1
7498,"C-23",233,41,False,1
7515,"C-30",246,41,False,1
7500,"C-24",8700,41,False,1
7520,"C-31",998,41,False,1
7673,"C-64",581,41,False,1
7541,"C-35",177,41,False,1
7524,"C-32",177,41,False,1
7690,"C-72",618,41,False,1
7282,"C-462",113,41,True,1
7559,"C-36",177,41,False,1
7560,"C-37",295,41,False,1
7563,"C-38",417,41,False,1
7564,"C-39",417,41,False,1
2762,"C-2",212,41,False,1
7571,"C-40",618,41,False,1
7373,"C-63",417,41,False,1
2791,"C-6",579,41,False,1
2767,"C-3",425,41,False,1
2813,"C-8",417,41,False,1
2812,"C-9",417,41,False,1
6350,"C-10",212,41,False,1
6371,"C-11",448,41,False,1
6398,"C-13",425,41,False,1
6412,"C-15",177,41,False,1
6413,"C-16",177,41,False,1
6416,"C-18",246,41,False,1
6424,"C-20",606,41,False,1
6433,"C-22",95,41,False,1
6435,"C-23",424,41,False,1
6436,"C-24",424,41,False,1
6442,"C-25",425,41,False,1
6447,"C-26",212,41,False,1
6448,"C-27",95,41,False,1
6463,"C-28",425,41,False,1
6476,"C-29",417,41,False,1
6502,"C-31",152,41,False,1
6507,"C-32",212,41,False,1
6526,"C-33",579,41,False,1
6547,"C-419",1823,41,True,1
6528,"C-34",417,41,False,1
6529,"C-35",417,41,False,1
6530,"C-36",212,41,False,1
6543,"C-37",212,41,False,1
6546,"C-38",425,41,False,1
7230,"C-39",579,41,False,1
7238,"C-40",417,41,False,1
7239,"C-41",417,41,False,1
7249,"C-43",152,41,False,1
7255,"C-44",102,41,False,1
7269,"C-45",425,41,False,1
7271,"C-46",425,41,False,1
7283,"C-47",95,41,False,1
7290,"C-48",425,41,False,1
7294,"C-50",417,41,False,1
7295,"C-51",287,41,False,1
7296,"C-52",545,41,False,1
7301,"C-53",212,41,False,1
7305,"C-55",212,41,False,1
7324,"C-58",417,41,False,1
7325,"C-59",417,41,False,1
7345,"C-60",425,41,False,1
7362,"C-62",8436,41,False,1
7374,"C-64",417,41,False,1
6361,"C-288",704,41,True,1
6367,"C-293",1037,41,True,1
6377,"C-299",9152,41,True,1
6378,"C-300",396,41,True,1
6382,"C-304",455,41,True,1
6387,"C-309",611,41,True,1
6389,"C-311",9172,41,True,1
6391,"C-313",418,41,True,1
6467,"C-370",46,41,True,1
6484,"C-383",202,41,True,1
7254,"C-442",9187,41,True,1
7844,"C-19",44,42,False,1
7788,"C-10",572,42,False,1
7797,"C-13",9265,42,False,1
7881,"C-29",10201,42,False,1
7805,"C-15",10201,42,False,1
7845,"C-20",44,42,False,1
7723,"C-3",44,42,False,1
7800,"C-14",10273,42,False,1
7901,"C-35",44,42,False,1
7875,"C-26",10201,42,False,1
7785,"C-8",44,42,False,1
7786,"C-9",44,42,False,1
7789,"C-11",16,42,False,1
7716,"C-2",10201,42,False,1
6388,"C-310",268,41,True,1
909,"C-488",301,37,True,0
812,"C-431",216,37,True,0
711,"C-328",128,37,True,0
702,"C-319",128,37,True,0
606,"C-216",2934,37,True,0
1496,"C-349",189,39,True,0
1007,"C-59",98,38,False,0
943,"C-522",25,37,True,0
197,"C-41",2820,37,False,0
797,"C-415",4458,37,True,0
942,"C-521",25,37,True,0
544,"C-10",5142,37,False,0
545,"C-11",4533,37,False,0
871,"C-21",121,37,False,0
614,"C-224",128,37,True,0
731,"C-349",4405,37,True,0
1206,"C-378",131,38,True,0
1644,"C-4",414,39,False,0
2119,"C-432",578,40,True,0
2049,"C-362",578,40,True,0
2827,"C-264",80,41,True,0
7261,"C-448",9240,41,True,0
7770,"C-241",9802,42,True,0
7915,"C-333",9899,42,True,0
7803,"C-260",440,42,True,0
7815,"C-270",573,42,True,0
7853,"C-23",121,42,False,0
7744,"C-219",10055,42,True,0
7768,"C-239",9263,42,True,0
7836,"C-287",146,42,True,0
